,ID,Venue,T1_Mat,T1_AvgRunsScored,T1_AvgRunsConceded,T1_AvgWktsTaken,T1_AvgWktsLost,T1_AvgBound,T1_W/L,T2_Mat,T2_AvgRunsScored,T2_AvgRunsConceded,T2_AvgWktsTaken,T2_AvgWktsLost,T2_AvgBound,T2_W/L,Winner
0,1,Africa,34,7.1,7.27,0.33,0.32,0.85,1.833,22,7.69,7.99,0.28,0.32,0.95,1,0
1,2,Oceania,36,8.01,7.38,0.35,0.33,0.98,1.4,30,7.56,7.7,0.32,0.32,0.93,1.142,0
2,3,Oceania,37,8,7.39,0.35,0.33,0.98,1.312,31,7.56,7.7,0.32,0.33,0.93,1.214,1
3,4,America,38,7.14,7.18,0.33,0.34,0.84,1.235,24,7.13,8.08,0.29,0.36,0.89,0.714,0
4,5,America,23,7.71,7.94,0.28,0.32,0.96,1.09,25,7.13,8.04,0.29,0.36,0.89,0.785,1
5,6,Europe,32,7.53,7.68,0.32,0.33,0.91,1.133,29,7.05,7.46,0.3,0.33,0.86,1.071,0
6,7,Asia,38,7.98,7.38,0.35,0.33,0.97,1.375,30,7.05,7.43,0.31,0.32,0.86,1.142,0
7,8,Asia,39,7.98,7.44,0.34,0.33,0.97,1.294,31,7.13,7.45,0.31,0.32,0.88,1.214,0
8,9,Europe,24,7.69,7.9,0.28,0.32,0.95,1.181,33,7.49,7.68,0.31,0.33,0.9,1.062,0
9,10,Europe,34,7.51,7.69,0.32,0.33,0.91,1.125,26,7.12,8.04,0.29,0.36,0.89,0.733,1
10,11,Europe,35,7.51,7.65,0.32,0.32,0.91,1.187,27,7.08,8.05,0.28,0.36,0.88,0.687,0
11,12,Asia,28,7.02,7.95,0.29,0.36,0.87,0.75,13,6.22,8.22,0.25,0.46,0.73,0.083,0
12,13,Africa,35,7.1,7.3,0.33,0.32,0.85,1.692,40,7.95,7.45,0.35,0.33,0.97,1.222,0
13,14,Africa,36,7.09,7.3,0.33,0.32,0.85,1.571,41,7.93,7.44,0.35,0.33,0.96,1.277,1
14,15,Asia,36,7.45,7.59,0.32,0.33,0.9,1.117,25,7.69,7.92,0.28,0.32,0.95,1.083,1
15,16,Asia,32,7.13,7.44,0.31,0.32,0.88,1.285,39,7.12,7.19,0.33,0.35,0.83,1.166,0
16,17,Asia,40,7.12,7.19,0.33,0.34,0.83,1.222,14,6.24,8.07,0.26,0.45,0.72,0.166,1
17,18,Oceania,42,7.9,7.44,0.35,0.33,0.96,1.21,26,7.62,7.86,0.27,0.33,0.94,1,1
18,19,Oceania,43,7.91,7.43,0.35,0.33,0.96,1.263,27,7.58,7.88,0.27,0.33,0.93,0.928,0
19,20,Oceania,37,7.09,7.3,0.33,0.33,0.85,1.642,36,6.82,7.52,0.31,0.38,0.8,0.714,0
20,21,Oceania,38,7.09,7.3,0.32,0.32,0.85,1.533,37,6.83,7.51,0.31,0.38,0.79,0.761,1
21,22,Oceania,39,7.16,7.33,0.32,0.32,0.86,1.6,38,6.86,7.58,0.31,0.37,0.8,0.727,1
22,23,Asia,41,7.09,7.1,0.33,0.34,0.82,1.277,37,7.41,7.54,0.32,0.32,0.89,1.176,1
23,24,Asia,42,7.08,7.09,0.33,0.34,0.82,1.333,38,7.38,7.52,0.32,0.32,0.89,1.111,0
24,25,Asia,43,7.05,7.09,0.33,0.35,0.82,1.263,39,7.37,7.48,0.32,0.32,0.88,1.166,0
25,26,America,44,7.88,7.41,0.34,0.33,0.95,1.2,29,6.98,7.91,0.29,0.36,0.86,0.705,1
26,27,Africa,40,7.18,7.35,0.32,0.32,0.86,1.666,28,7.55,7.84,0.27,0.32,0.92,1,1
27,28,America,45,7.88,7.42,0.34,0.33,0.96,1.25,30,7,7.92,0.28,0.36,0.86,0.666,0
28,29,Asia,33,7.11,7.44,0.31,0.33,0.87,1.2,44,7.02,7.08,0.33,0.35,0.81,1.2,1
29,30,Asia,34,7.08,7.38,0.31,0.33,0.87,1.266,45,6.96,7.06,0.33,0.35,0.8,1.142,0
30,31,Europe,40,7.34,7.44,0.32,0.32,0.88,1.222,31,7.02,7.9,0.29,0.37,0.87,0.722,1
31,32,America,39,6.87,7.59,0.31,0.37,0.81,0.695,32,7.05,7.93,0.28,0.36,0.87,0.684,0
32,33,America,33,7.12,7.92,0.28,0.35,0.89,0.736,40,6.89,7.67,0.3,0.37,0.81,0.666,1
33,34,Asia,35,7.01,7.34,0.31,0.33,0.86,1.187,29,7.56,7.94,0.27,0.31,0.92,0.933,0
34,35,Asia,46,7.87,7.43,0.34,0.33,0.95,1.19,46,6.94,7.02,0.33,0.35,0.8,1.19,0
35,36,Europe,41,7.27,7.36,0.31,0.32,0.88,1.733,41,7.36,7.46,0.32,0.32,0.87,1.277,1
36,37,Asia,47,6.92,6.96,0.33,0.35,0.8,1.238,47,7.79,7.41,0.34,0.34,0.94,1.136,0
37,38,Asia,30,7.55,7.9,0.28,0.31,0.92,1,41,6.87,7.69,0.3,0.38,0.8,0.64,0
38,39,Europe,42,7.25,7.32,0.31,0.31,0.88,1.8,42,7.32,7.43,0.31,0.32,0.87,1.21,0
39,40,Asia,42,6.9,7.71,0.3,0.37,0.81,0.68,15,6.06,7.96,0.26,0.45,0.68,0.153,1
40,41,Asia,43,7.25,7.36,0.32,0.32,0.88,1.687,36,6.98,7.34,0.31,0.34,0.85,1.117,1
41,42,Asia,48,7.79,7.33,0.34,0.34,0.93,1.181,34,7.17,7.87,0.29,0.35,0.89,0.789,1
42,43,Asia,48,6.85,6.98,0.33,0.35,0.79,1.181,43,6.95,7.68,0.3,0.37,0.82,0.72,1
43,44,Asia,44,7.38,7.38,0.32,0.32,0.88,1.315,32,7.55,7.88,0.28,0.3,0.92,1,0
44,45,Asia,49,6.89,7,0.33,0.35,0.79,1.227,16,6.07,8.06,0.25,0.45,0.69,0.142,1
45,46,Asia,45,7.35,7.4,0.32,0.32,0.88,1.25,35,7.22,7.91,0.29,0.35,0.9,0.75,0
46,47,Asia,44,7.28,7.35,0.32,0.32,0.88,1.75,50,6.93,7.04,0.33,0.34,0.81,1.272,0
47,48,Asia,49,7.81,7.37,0.34,0.33,0.94,1.227,33,7.56,7.82,0.29,0.3,0.93,1.062,1
48,49,Asia,46,7.36,7.43,0.31,0.32,0.88,1.19,44,6.97,7.7,0.3,0.37,0.82,0.692,1
49,50,Asia,37,6.97,7.37,0.31,0.34,0.85,1.055,36,7.26,7.92,0.28,0.35,0.92,0.8,1
50,51,Asia,45,7.26,7.33,0.32,0.32,0.87,1.647,50,7.84,7.35,0.34,0.33,0.95,1.272,0
51,52,Asia,51,6.91,7.03,0.33,0.35,0.81,1.318,34,7.53,7.86,0.28,0.3,0.92,1,0
52,53,Asia,47,7.36,7.41,0.31,0.32,0.88,1.238,38,6.99,7.34,0.31,0.34,0.86,1.111,0
53,54,Asia,51,7.84,7.35,0.34,0.33,0.95,1.318,52,6.89,7.04,0.33,0.35,0.8,1.26,0
54,55,Asia,46,7.25,7.35,0.32,0.32,0.87,1.555,35,7.52,7.82,0.29,0.3,0.92,1.058,0
55,56,Asia,53,6.9,7.01,0.33,0.35,0.8,1.304,39,7.01,7.34,0.31,0.34,0.86,1.166,0
56,57,Asia,52,7.8,7.35,0.34,0.33,0.94,1.26,37,7.23,7.93,0.28,0.34,0.91,0.761,0
57,58,Asia,40,7,7.31,0.31,0.33,0.86,1.222,38,7.29,7.92,0.29,0.34,0.93,0.809,0
58,59,Asia,39,7.27,7.85,0.29,0.34,0.92,0.857,17,6.2,8.14,0.25,0.44,0.73,0.133,1
59,60,Asia,48,7.36,7.43,0.31,0.32,0.88,1.181,36,7.51,7.81,0.3,0.3,0.92,1.117,0
60,61,Africa,47,7.25,7.35,0.31,0.32,0.87,1.473,45,6.96,7.7,0.3,0.37,0.82,0.666,1
61,62,Asia,37,7.52,7.81,0.3,0.3,0.92,1.176,49,7.36,7.45,0.31,0.32,0.88,1.13,0
62,63,Africa,48,7.25,7.29,0.32,0.32,0.88,1.526,46,6.91,7.69,0.3,0.37,0.82,0.642,0
63,64,Asia,54,6.87,7.01,0.33,0.35,0.8,1.25,38,7.53,7.83,0.29,0.3,0.92,1.111,1
64,65,Africa,49,7.28,7.31,0.31,0.32,0.88,1.45,47,6.93,7.71,0.29,0.37,0.83,0.678,1
65,66,Asia,55,6.87,7,0.33,0.35,0.8,1.291,39,7.5,7.8,0.29,0.3,0.91,1.052,0
66,67,Oceania,53,7.79,7.4,0.34,0.33,0.94,1.208,41,6.95,7.29,0.31,0.34,0.85,1.157,0
67,68,Oceania,42,6.96,7.28,0.31,0.34,0.85,1.21,54,7.77,7.4,0.34,0.33,0.93,1.16,1
68,69,Oceania,50,7.39,7.48,0.31,0.32,0.88,1.173,48,6.94,7.74,0.3,0.37,0.83,0.655,1
69,70,Oceania,51,7.45,7.49,0.31,0.32,0.9,1.217,49,6.95,7.8,0.3,0.37,0.83,0.633,0
70,71,Oceania,55,7.77,7.4,0.33,0.33,0.93,1.115,40,7.33,7.88,0.28,0.33,0.93,0.904,0
71,72,Oceania,52,7.43,7.53,0.31,0.32,0.9,1.166,50,7,7.78,0.3,0.37,0.84,0.666,1
72,73,Africa,50,7.3,7.31,0.32,0.32,0.88,1.5,56,6.9,7.04,0.32,0.35,0.81,1.24,0
73,74,Asia,43,6.97,7.29,0.31,0.33,0.85,1.263,18,6.34,8.24,0.24,0.41,0.75,0.125,1
74,75,Europe,53,7.47,7.52,0.32,0.32,0.91,1.208,51,6.99,7.82,0.3,0.37,0.83,0.645,0
75,76,America,57,6.94,7.05,0.33,0.35,0.82,1.28,41,7.38,7.88,0.28,0.33,0.94,0.952,1
76,77,America,58,6.95,7.06,0.33,0.35,0.82,1.32,42,7.37,7.88,0.28,0.33,0.94,0.909,1
77,78,Asia,51,7.31,7.36,0.32,0.32,0.89,1.428,44,7.01,7.32,0.31,0.33,0.85,1.315,1
78,79,Asia,52,7.27,7.31,0.32,0.32,0.88,1.476,45,6.95,7.28,0.31,0.33,0.85,1.25,1
79,80,Asia,53,7.26,7.29,0.32,0.32,0.87,1.523,46,6.93,7.28,0.3,0.33,0.84,1.19,0
80,81,Europe,54,7.5,7.56,0.31,0.32,0.91,1.16,56,7.77,7.44,0.33,0.33,0.92,1.074,0
81,82,Europe,55,7.55,7.65,0.31,0.32,0.92,1.115,57,7.85,7.49,0.33,0.33,0.94,1.111,1
82,83,Asia,40,7.55,7.83,0.29,0.3,0.92,1.105,58,7.85,7.53,0.33,0.33,0.94,1.071,1
83,84,Asia,52,7.04,7.85,0.29,0.37,0.84,0.677,19,6.47,8.31,0.24,0.41,0.77,0.117,1
84,85,Asia,54,7.26,7.32,0.32,0.32,0.87,1.454,59,6.94,7.04,0.33,0.35,0.82,1.36,1
85,86,Asia,55,7.26,7.27,0.32,0.32,0.87,1.5,60,6.9,7.04,0.33,0.35,0.81,1.307,1
86,87,Africa,56,7.26,7.26,0.32,0.31,0.87,1.545,61,6.89,7.05,0.33,0.35,0.81,1.259,1
87,88,Asia,47,6.97,7.3,0.3,0.33,0.85,1.238,53,7.09,7.88,0.3,0.36,0.85,0.709,1
88,89,Africa,57,7.25,7.25,0.32,0.31,0.88,1.59,62,6.88,7.05,0.33,0.35,0.81,1.214,0
89,90,Asia,48,6.99,7.29,0.3,0.33,0.86,1.285,64,6.9,7.06,0.32,0.34,0.81,1.285,0
90,91,Asia,65,6.9,7.06,0.32,0.34,0.81,1.321,49,6.99,7.3,0.3,0.33,0.85,1.227,0
91,92,Oceania,43,7.33,7.85,0.29,0.34,0.93,0.869,54,7.09,7.88,0.29,0.36,0.85,0.687,0
92,93,Oceania,44,7.28,7.88,0.29,0.34,0.92,0.833,55,7.12,7.83,0.29,0.36,0.86,0.718,0
93,94,Oceania,56,7.58,7.66,0.32,0.32,0.93,1.153,59,7.89,7.57,0.33,0.33,0.95,1.034,0
94,95,Oceania,57,7.62,7.72,0.31,0.32,0.94,1.111,60,7.92,7.61,0.33,0.33,0.96,1.068,0
95,96,Oceania,61,7.93,7.59,0.33,0.32,0.96,1.103,58,7.59,7.73,0.31,0.32,0.94,1.071,1
96,97,Asia,50,7.05,7.34,0.31,0.32,0.86,1.272,20,6.61,8.41,0.24,0.41,0.79,0.111,1
97,98,Asia,51,7.06,7.36,0.3,0.32,0.86,1.318,21,6.68,8.39,0.24,0.41,0.81,0.105,1
98,99,America,59,7.56,7.77,0.31,0.33,0.93,1.034,45,7.28,7.89,0.29,0.34,0.92,0.8,0
99,100,America,60,7.55,7.78,0.31,0.33,0.93,1,46,7.31,7.87,0.29,0.33,0.93,0.84,0
100,101,Africa,58,7.27,7.28,0.32,0.31,0.88,1.521,62,7.96,7.57,0.33,0.32,0.97,1.137,0
101,102,America,61,7.55,7.79,0.31,0.33,0.93,0.967,47,7.32,7.86,0.29,0.33,0.93,0.88,1
102,103,Africa,59,7.29,7.31,0.32,0.31,0.88,1.458,63,7.98,7.59,0.33,0.33,0.97,1.172,0
103,104,Asia,66,6.93,7.11,0.32,0.35,0.82,1.275,41,7.6,7.89,0.3,0.3,0.93,1.157,0
104,105,Asia,60,7.27,7.32,0.32,0.31,0.88,1.4,52,7.04,7.33,0.31,0.32,0.85,1.363,0
105,106,Asia,62,7.56,7.79,0.31,0.33,0.93,1,56,7.14,7.83,0.29,0.36,0.86,0.75,0
106,107,Asia,67,6.92,7.11,0.32,0.35,0.82,1.233,64,7.98,7.57,0.33,0.33,0.97,1.206,1
107,108,Asia,42,7.58,7.85,0.29,0.3,0.93,1.21,48,7.33,7.87,0.29,0.33,0.94,0.846,1
108,109,Asia,61,7.27,7.34,0.32,0.31,0.88,1.346,57,7.16,7.84,0.29,0.36,0.86,0.781,1
109,110,Asia,49,7.29,7.84,0.29,0.33,0.94,0.814,23,6.62,8.1,0.26,0.4,0.81,0.15,1
110,111,Asia,53,7.05,7.34,0.31,0.32,0.85,1.409,63,7.57,7.79,0.31,0.33,0.94,0.968,0
111,112,Asia,65,7.99,7.59,0.33,0.33,0.98,1.166,50,7.3,7.78,0.29,0.33,0.94,0.851,0
112,113,Asia,43,7.55,7.81,0.29,0.29,0.93,1.263,24,6.55,8.1,0.26,0.41,0.8,0.142,1
113,114,Asia,62,7.29,7.36,0.32,0.31,0.88,1.384,64,7.6,7.82,0.3,0.33,0.94,1,1
114,115,Asia,68,6.95,7.14,0.32,0.35,0.82,1.266,25,6.55,8.08,0.25,0.41,0.81,0.136,1
115,116,Asia,44,7.55,7.79,0.3,0.29,0.92,1.315,66,7.99,7.61,0.33,0.33,0.98,1.129,1
116,117,Asia,54,7.09,7.38,0.31,0.32,0.86,1.347,58,7.17,7.86,0.29,0.36,0.87,0.757,1
117,118,Asia,67,7.95,7.61,0.33,0.33,0.97,1.093,26,6.55,8.13,0.25,0.4,0.81,0.13,1
118,119,Asia,69,6.97,7.13,0.32,0.34,0.83,1.3,51,7.33,7.8,0.29,0.33,0.95,0.888,0
119,120,Asia,55,7.07,7.33,0.31,0.32,0.86,1.391,52,7.34,7.75,0.3,0.33,0.95,0.925,1
120,121,Asia,63,7.32,7.39,0.32,0.31,0.88,1.423,45,7.53,7.73,0.3,0.29,0.92,1.368,0
121,122,Asia,56,7.08,7.31,0.31,0.32,0.86,1.434,46,7.56,7.75,0.3,0.29,0.93,1.421,1
122,123,Europe,57,7.08,7.29,0.3,0.32,0.86,1.478,65,7.62,7.85,0.3,0.33,0.95,0.969,1
123,124,America,53,7.31,7.75,0.3,0.33,0.94,0.892,59,7.13,7.82,0.3,0.36,0.86,0.735,0
124,125,America,54,7.29,7.75,0.3,0.33,0.94,0.862,60,7.13,7.81,0.3,0.36,0.86,0.764,1
125,126,Europe,47,7.53,7.74,0.3,0.29,0.92,1.35,66,7.62,7.87,0.3,0.33,0.95,0.941,0
126,127,Asia,70,6.94,7.15,0.32,0.35,0.82,1.258,68,7.96,7.61,0.33,0.33,0.98,1.125,0
127,128,Oceania,64,7.34,7.42,0.32,0.31,0.89,1.37,69,7.94,7.56,0.33,0.33,0.98,1.156,1
128,129,Oceania,65,7.34,7.41,0.32,0.31,0.89,1.407,70,7.93,7.56,0.33,0.33,0.97,1.121,0
129,130,Oceania,66,7.3,7.42,0.32,0.31,0.88,1.357,71,7.92,7.52,0.33,0.33,0.97,1.151,0
130,131,Asia,71,6.9,7.14,0.32,0.35,0.81,1.218,61,7.12,7.82,0.3,0.37,0.86,0.742,1
131,132,Asia,72,6.9,7.13,0.32,0.35,0.81,1.25,62,7.11,7.81,0.29,0.36,0.85,0.722,0
132,133,Africa,67,7.3,7.42,0.32,0.31,0.88,1.31,55,7.31,7.73,0.3,0.33,0.94,0.896,0
133,134,Africa,68,7.31,7.44,0.32,0.31,0.88,1.266,56,7.33,7.73,0.3,0.33,0.94,0.931,0
134,135,Africa,69,7.36,7.51,0.32,0.31,0.89,1.225,57,7.41,7.8,0.29,0.33,0.96,0.965,1
135,136,Asia,73,6.89,7.14,0.32,0.35,0.81,1.212,27,6.56,8.15,0.25,0.4,0.81,0.125,0
136,137,Europe,67,7.64,7.88,0.3,0.33,0.95,0.97,63,7.1,7.79,0.3,0.37,0.85,0.75,1
137,138,Asia,70,7.39,7.49,0.32,0.3,0.89,1.258,28,6.63,8.1,0.25,0.39,0.83,0.166,1
138,139,Asia,71,7.39,7.46,0.32,0.3,0.89,1.29,29,6.57,8.07,0.25,0.4,0.81,0.16,1
139,140,Asia,58,7.12,7.31,0.31,0.32,0.87,1.521,74,6.88,7.15,0.32,0.35,0.81,1.176,0
140,141,Asia,59,7.12,7.34,0.3,0.32,0.87,1.458,75,6.9,7.15,0.32,0.35,0.81,1.205,0
141,142,Africa,72,7.39,7.45,0.33,0.3,0.89,1.322,64,7.11,7.82,0.3,0.37,0.86,0.729,1
142,143,Africa,73,7.4,7.45,0.33,0.3,0.89,1.354,65,7.11,7.82,0.3,0.37,0.86,0.71,0
143,144,Europe,72,7.91,7.51,0.33,0.33,0.97,1.181,68,7.66,7.88,0.3,0.33,0.96,1,0
144,145,Asia,74,7.39,7.47,0.33,0.3,0.89,1.312,48,7.55,7.77,0.3,0.29,0.92,1.285,1
145,146,Asia,75,7.43,7.5,0.32,0.3,0.9,1.343,49,7.59,7.81,0.29,0.28,0.93,1.227,1
146,147,Asia,60,7.13,7.36,0.3,0.32,0.87,1.4,58,7.38,7.84,0.29,0.33,0.96,0.933,1
147,148,Asia,61,7.19,7.4,0.31,0.32,0.88,1.44,59,7.41,7.89,0.29,0.34,0.96,0.903,0
148,149,Asia,76,6.93,7.17,0.32,0.35,0.81,1.235,69,7.68,7.9,0.3,0.33,0.96,1.029,0
149,150,Asia,77,6.93,7.18,0.32,0.35,0.81,1.2,70,7.68,7.89,0.31,0.32,0.96,1.058,0
150,151,Oceania,62,7.18,7.4,0.31,0.32,0.88,1.384,66,7.14,7.81,0.3,0.37,0.86,0.736,0
151,152,Oceania,63,7.19,7.43,0.3,0.33,0.88,1.333,67,7.17,7.83,0.3,0.37,0.87,0.763,0
152,153,Oceania,78,6.94,7.2,0.32,0.35,0.81,1.166,68,7.22,7.81,0.3,0.36,0.88,0.789,1
153,154,Oceania,79,6.96,7.2,0.32,0.35,0.81,1.194,69,7.22,7.82,0.3,0.37,0.88,0.769,0
154,155,Oceania,80,6.97,7.23,0.31,0.35,0.82,1.162,70,7.25,7.83,0.3,0.36,0.88,0.794,0
155,156,Oceania,50,7.53,7.77,0.29,0.29,0.92,1.173,73,7.92,7.54,0.32,0.33,0.97,1.147,1
156,157,Oceania,51,7.56,7.77,0.3,0.29,0.92,1.217,74,7.91,7.56,0.32,0.33,0.97,1.114,1
157,158,Oceania,52,7.58,7.76,0.3,0.28,0.93,1.26,75,7.9,7.58,0.32,0.33,0.97,1.083,1
158,159,Asia,53,7.62,7.8,0.3,0.28,0.93,1.304,64,7.19,7.49,0.3,0.33,0.88,1.285,0
159,160,Asia,65,7.16,7.46,0.31,0.33,0.88,1.321,54,7.57,7.77,0.3,0.29,0.92,1.25,0
160,161,Asia,55,7.6,7.74,0.3,0.29,0.93,1.291,66,7.15,7.49,0.31,0.33,0.87,1.275,1
161,162,Africa,76,7.4,7.48,0.33,0.3,0.9,1.375,71,7.69,7.89,0.31,0.33,0.96,1.088,1
162,163,Africa,77,7.39,7.46,0.33,0.3,0.89,1.406,72,7.67,7.87,0.31,0.33,0.96,1.057,1
163,164,Asia,56,7.58,7.69,0.3,0.28,0.93,1.333,30,6.57,8.07,0.24,0.4,0.81,0.153,1
164,165,Asia,57,7.59,7.65,0.3,0.28,0.93,1.375,81,6.96,7.26,0.31,0.35,0.82,1.131,1
165,166,Asia,67,7.11,7.47,0.3,0.33,0.87,1.233,31,6.54,8.07,0.25,0.4,0.8,0.148,0
166,167,Asia,58,7.54,7.6,0.3,0.28,0.92,1.416,68,7.09,7.47,0.3,0.33,0.86,1.193,1
167,168,Asia,82,6.92,7.24,0.31,0.36,0.81,1.102,32,6.56,8.01,0.25,0.4,0.8,0.185,0
168,169,Asia,69,7.08,7.47,0.3,0.33,0.86,1.156,83,6.92,7.23,0.31,0.36,0.81,1.075,0
169,170,Africa,78,7.42,7.48,0.33,0.3,0.9,1.437,76,7.92,7.61,0.32,0.33,0.97,1.054,1
170,171,Africa,79,7.43,7.48,0.33,0.3,0.9,1.468,77,7.92,7.62,0.31,0.34,0.97,1.026,0
171,172,Asia,59,7.54,7.59,0.31,0.28,0.92,1.458,33,6.55,7.96,0.25,0.39,0.8,0.222,1
172,173,Africa,80,7.46,7.52,0.33,0.3,0.91,1.424,78,7.94,7.65,0.32,0.33,0.97,1.052,0
173,174,Asia,60,7.56,7.59,0.3,0.28,0.93,1.5,71,7.28,7.81,0.31,0.36,0.89,0.82,0
174,175,Asia,84,6.92,7.23,0.31,0.35,0.82,1.1,34,6.58,7.98,0.25,0.39,0.8,0.214,1
175,176,Asia,73,7.67,7.91,0.31,0.33,0.96,1.027,60,7.41,7.87,0.29,0.33,0.96,0.935,0
176,177,Asia,79,7.95,7.67,0.31,0.33,0.97,1.078,72,7.26,7.76,0.31,0.36,0.89,0.846,0
177,178,Asia,81,7.48,7.54,0.33,0.3,0.91,1.382,74,7.69,7.94,0.3,0.33,0.96,1,0
178,179,Asia,61,7.5,7.56,0.3,0.29,0.92,1.44,85,6.96,7.23,0.31,0.35,0.82,1.125,1
179,180,Asia,71,7.09,7.47,0.3,0.33,0.86,1.151,61,7.43,7.89,0.29,0.33,0.96,0.967,0
180,181,Asia,80,7.93,7.66,0.31,0.33,0.97,1.051,35,6.59,8.04,0.25,0.39,0.81,0.206,1
181,182,Asia,86,6.95,7.23,0.31,0.35,0.82,1.097,73,7.25,7.75,0.31,0.36,0.88,0.871,0
182,183,Asia,62,7.49,7.54,0.3,0.29,0.92,1.48,36,6.61,8.05,0.25,0.38,0.81,0.2,1
183,184,Asia,81,7.94,7.65,0.31,0.33,0.97,1.076,87,6.95,7.25,0.31,0.35,0.82,1.071,1
184,185,Asia,83,7.56,7.6,0.33,0.3,0.93,1.371,62,7.42,7.85,0.29,0.33,0.96,1,0
185,186,Asia,74,7.27,7.74,0.31,0.36,0.89,0.897,37,6.62,8.03,0.26,0.39,0.81,0.193,1
186,187,Asia,72,7.07,7.47,0.3,0.33,0.86,1.117,76,7.7,7.96,0.3,0.33,0.96,1.054,0
187,188,Asia,63,7.49,7.54,0.31,0.29,0.92,1.52,82,7.95,7.66,0.31,0.33,0.98,1.102,1
188,189,Asia,84,7.54,7.58,0.33,0.3,0.92,1.333,73,7.08,7.48,0.3,0.33,0.86,1.085,1
189,190,Asia,77,7.71,7.96,0.3,0.33,0.96,1.081,75,7.26,7.7,0.31,0.36,0.89,0.923,1
190,191,Asia,64,7.5,7.54,0.31,0.29,0.92,1.56,64,7.36,7.79,0.29,0.33,0.95,1,0
191,192,Asia,78,7.73,7.95,0.31,0.33,0.97,1.108,65,7.4,7.82,0.29,0.33,0.96,1.031,0
192,193,Europe,79,7.72,7.95,0.31,0.33,0.97,1.078,74,7.05,7.47,0.29,0.34,0.86,1.055,1
193,194,America,65,7.52,7.58,0.3,0.28,0.92,1.5,66,7.4,7.81,0.29,0.33,0.96,1.062,0
194,195,Asia,83,7.94,7.67,0.31,0.33,0.97,1.075,75,7.04,7.48,0.29,0.34,0.85,1.027,1
195,196,Europe,80,7.72,7.93,0.31,0.33,0.96,1.105,88,6.97,7.27,0.31,0.35,0.83,1.046,0
196,197,Asia,84,8,7.68,0.31,0.33,0.99,1.1,76,7.06,7.55,0.29,0.34,0.86,1,1
197,198,Asia,67,7.47,7.88,0.29,0.33,0.97,1.093,89,6.99,7.26,0.31,0.35,0.83,1.069,0
198,199,Asia,90,7,7.24,0.31,0.35,0.83,1.093,68,7.44,7.88,0.29,0.33,0.97,1.06,1
199,200,Asia,91,7,7.24,0.31,0.34,0.83,1.116,69,7.42,7.88,0.29,0.33,0.96,1.029,1
200,201,Oceania,76,7.26,7.72,0.31,0.36,0.89,0.9,38,6.56,8,0.26,0.39,0.8,0.187,1
201,202,Oceania,77,7.27,7.71,0.31,0.36,0.89,0.925,39,6.55,8,0.26,0.39,0.8,0.181,1
202,203,Oceania,78,7.3,7.72,0.31,0.36,0.89,0.95,40,6.57,8.04,0.26,0.4,0.8,0.176,1
203,204,Africa,85,7.53,7.56,0.33,0.29,0.92,1.361,77,7.04,7.55,0.29,0.34,0.85,0.974,1
204,205,Africa,86,7.55,7.58,0.33,0.3,0.92,1.388,78,7.07,7.58,0.29,0.34,0.86,0.95,0
205,206,Africa,87,7.53,7.56,0.33,0.3,0.92,1.351,79,7.05,7.56,0.29,0.34,0.85,0.975,0
206,207,Asia,66,7.59,7.65,0.3,0.28,0.93,1.444,81,7.7,7.95,0.3,0.33,0.96,1.076,0
207,208,Asia,67,7.58,7.65,0.3,0.28,0.93,1.392,82,7.7,7.94,0.3,0.32,0.96,1.102,1
208,209,Asia,68,7.57,7.64,0.3,0.28,0.92,1.428,83,7.69,7.93,0.3,0.32,0.95,1.075,1
209,210,Oceania,88,7.54,7.57,0.33,0.3,0.92,1.315,79,7.32,7.72,0.31,0.36,0.89,0.975,1
210,211,Oceania,85,7.99,7.66,0.32,0.33,0.99,1.125,80,7.06,7.57,0.29,0.34,0.86,1,0
211,212,Oceania,86,7.99,7.67,0.32,0.33,0.98,1.097,81,7.07,7.58,0.29,0.34,0.86,1.025,0
212,213,Oceania,87,7.99,7.68,0.32,0.33,0.98,1.071,82,7.09,7.59,0.29,0.34,0.86,1.05,1
213,214,America,92,7,7.22,0.31,0.34,0.83,1.139,70,7.39,7.87,0.29,0.33,0.95,1,1
214,215,America,93,6.99,7.2,0.31,0.34,0.83,1.162,71,7.35,7.85,0.29,0.33,0.95,0.972,1
215,216,America,94,6.99,7.19,0.31,0.34,0.83,1.186,72,7.33,7.83,0.29,0.33,0.94,0.945,0
216,217,America,95,6.98,7.2,0.31,0.34,0.83,1.159,73,7.35,7.81,0.29,0.33,0.95,0.972,1
217,218,Asia,83,7.1,7.61,0.29,0.34,0.87,1.024,41,6.61,8.06,0.26,0.39,0.81,0.171,1
218,219,Asia,84,7.11,7.61,0.29,0.34,0.87,1.048,42,6.62,8.06,0.26,0.39,0.8,0.166,0
219,220,Europe,89,7.55,7.56,0.33,0.3,0.92,1.342,84,7.68,7.95,0.3,0.33,0.95,1.048,0
220,221,Europe,90,7.55,7.58,0.33,0.3,0.92,1.307,85,7.7,7.94,0.3,0.32,0.96,1.073,1
221,222,Europe,91,7.56,7.58,0.33,0.3,0.92,1.333,86,7.7,7.95,0.3,0.32,0.96,1.047,0
222,223,America,69,7.6,7.64,0.3,0.28,0.93,1.464,77,7.32,7.74,0.29,0.33,0.94,1.026,0
223,224,Asia,70,7.62,7.67,0.3,0.28,0.93,1.413,85,7.11,7.62,0.29,0.34,0.87,1.023,1
224,225,Europe,87,7.71,7.95,0.3,0.32,0.96,1.071,78,7.35,7.76,0.29,0.32,0.95,1.052,0
225,226,Asia,71,7.63,7.68,0.3,0.28,0.93,1.448,88,8,7.68,0.32,0.33,0.98,1.095,1
226,227,Asia,72,7.63,7.66,0.3,0.28,0.93,1.482,89,7.98,7.69,0.32,0.33,0.98,1.069,0
227,228,Asia,96,6.97,7.19,0.31,0.34,0.83,1.181,86,7.12,7.64,0.29,0.34,0.87,1,1
228,229,Africa,92,7.55,7.6,0.33,0.3,0.92,1.3,43,6.66,8.04,0.26,0.39,0.81,0.194,1
229,230,Asia,97,6.96,7.17,0.31,0.34,0.82,1.204,87,7.1,7.62,0.29,0.35,0.87,0.977,1
230,231,Africa,93,7.57,7.61,0.33,0.3,0.92,1.325,44,6.7,8.08,0.26,0.39,0.81,0.189,1
231,232,Asia,98,6.95,7.16,0.31,0.34,0.82,1.227,88,7.09,7.6,0.29,0.35,0.86,0.955,1
232,233,Asia,73,7.6,7.67,0.3,0.29,0.93,1.433,80,7.31,7.74,0.31,0.36,0.89,0.951,1
233,234,Asia,74,7.63,7.66,0.3,0.28,0.93,1.466,81,7.31,7.76,0.31,0.36,0.89,0.928,0
234,235,Asia,75,7.63,7.69,0.3,0.28,0.93,1.419,82,7.33,7.76,0.31,0.36,0.9,0.952,1
235,236,Asia,76,7.63,7.69,0.3,0.29,0.93,1.451,89,7.09,7.62,0.29,0.35,0.86,0.934,1
236,237,Asia,77,7.64,7.66,0.3,0.28,0.94,1.483,90,7.07,7.63,0.29,0.35,0.86,0.914,1
237,238,Asia,78,7.71,7.69,0.31,0.28,0.95,1.516,91,7.09,7.69,0.29,0.35,0.86,0.895,1
238,239,Oceania,79,7.36,7.76,0.29,0.33,0.95,1.078,83,7.33,7.77,0.31,0.36,0.9,0.93,0
239,240,Oceania,80,7.36,7.78,0.29,0.33,0.95,1.051,84,7.35,7.76,0.32,0.36,0.9,0.953,0
240,241,Oceania,99,6.96,7.16,0.31,0.34,0.82,1.25,85,7.4,7.76,0.32,0.36,0.91,0.976,0
241,242,Oceania,100,6.95,7.16,0.31,0.34,0.82,1.222,86,7.39,7.73,0.32,0.35,0.9,1,1
242,243,Oceania,101,6.97,7.16,0.31,0.34,0.82,1.244,87,7.39,7.75,0.32,0.36,0.9,0.977,1
243,244,Oceania,90,7.98,7.66,0.32,0.33,0.98,1.093,88,7.4,7.77,0.32,0.36,0.9,0.955,1
244,245,Oceania,91,7.98,7.64,0.32,0.33,0.98,1.116,88,7.7,7.96,0.3,0.33,0.96,1.046,1
245,246,Oceania,92,7.99,7.64,0.32,0.33,0.98,1.139,89,7.7,7.96,0.3,0.33,0.96,1.022,1
246,247,Oceania,90,7.69,7.97,0.3,0.33,0.96,1,89,7.37,7.77,0.32,0.36,0.9,0.934,0
247,248,Asia,92,7.09,7.68,0.29,0.35,0.86,0.877,45,6.7,8.15,0.26,0.4,0.82,0.184,1
248,249,Oceania,93,7.99,7.63,0.32,0.33,0.98,1.162,90,7.39,7.79,0.32,0.36,0.9,0.956,1
249,250,Oceania,91,7.7,7.99,0.3,0.33,0.96,0.978,91,7.44,7.84,0.32,0.36,0.91,0.936,1
250,251,Asia,93,7.12,7.7,0.29,0.35,0.87,0.897,46,6.75,8.22,0.26,0.39,0.82,0.179,1
251,252,Africa,79,7.7,7.67,0.31,0.28,0.95,1.548,94,7.61,7.61,0.33,0.3,0.93,1.35,1
252,253,Oceania,94,8.04,7.68,0.32,0.33,0.99,1.186,92,7.45,7.87,0.32,0.35,0.91,0.916,1
253,254,Africa,80,7.72,7.69,0.31,0.28,0.95,1.58,95,7.62,7.64,0.33,0.3,0.93,1.317,0
254,255,Africa,81,7.74,7.71,0.31,0.28,0.96,1.531,96,7.64,7.65,0.33,0.3,0.93,1.341,1
255,256,Asia,82,7.75,7.72,0.31,0.28,0.96,1.562,94,7.15,7.7,0.29,0.35,0.88,0.918,0
256,257,Asia,83,7.75,7.74,0.31,0.28,0.96,1.515,47,6.75,8.27,0.26,0.4,0.82,0.175,1
257,258,Asia,95,7.17,7.71,0.29,0.35,0.88,0.938,48,6.73,8.25,0.26,0.4,0.82,0.17,0
258,259,Asia,84,7.75,7.73,0.31,0.28,0.96,1.545,96,7.2,7.74,0.29,0.35,0.88,0.92,1
259,260,Asia,85,7.76,7.73,0.31,0.28,0.96,1.575,49,6.81,8.3,0.26,0.39,0.83,0.195,1
260,261,Asia,97,7.2,7.75,0.29,0.35,0.88,0.901,50,6.82,8.31,0.25,0.39,0.84,0.19,0
261,262,Asia,86,7.77,7.73,0.31,0.28,0.96,1.606,51,6.84,8.29,0.25,0.39,0.83,0.214,1
262,263,Asia,102,6.99,7.17,0.31,0.34,0.82,1.266,81,7.36,7.83,0.29,0.33,0.95,1.025,1
263,264,Asia,103,7.02,7.15,0.32,0.34,0.83,1.288,82,7.33,7.86,0.29,0.33,0.95,1,1
264,265,Asia,104,7.04,7.14,0.32,0.34,0.83,1.311,83,7.31,7.89,0.29,0.34,0.95,0.976,1
265,266,Europe,95,8.03,7.67,0.32,0.33,0.99,1.209,92,7.72,8.01,0.3,0.33,0.96,1,0
266,267,Africa,105,7.06,7.15,0.32,0.33,0.84,1.333,96,8.05,7.71,0.32,0.33,0.99,1.181,0
267,268,Europe,87,7.77,7.74,0.31,0.28,0.96,1.636,93,7.75,8.03,0.3,0.33,0.97,1.021,1
268,269,Africa,106,7.04,7.16,0.32,0.34,0.84,1.304,97,8.06,7.69,0.32,0.33,1,1.204,1
269,270,Europe,88,7.78,7.74,0.31,0.28,0.96,1.666,94,7.75,8.03,0.3,0.33,0.97,1,0
270,271,Africa,107,7.07,7.16,0.32,0.34,0.84,1.326,98,8.05,7.71,0.32,0.33,0.99,1.177,1
271,272,Europe,89,7.77,7.73,0.31,0.28,0.96,1.617,95,7.75,8.02,0.3,0.33,0.97,1.021,1
272,273,America,84,7.31,7.9,0.29,0.34,0.95,0.953,55,6.84,8.24,0.26,0.39,0.83,0.195,1
273,274,America,85,7.32,7.89,0.29,0.34,0.95,0.976,56,6.84,8.26,0.26,0.39,0.83,0.191,0
274,275,America,86,7.33,7.89,0.29,0.34,0.95,0.954,57,6.86,8.25,0.26,0.39,0.84,0.212,0
275,276,Asia,97,7.65,7.66,0.33,0.3,0.93,1.309,98,7.2,7.75,0.29,0.35,0.88,0.884,0
276,277,Asia,108,7.09,7.18,0.32,0.34,0.85,1.347,99,8.05,7.73,0.32,0.33,0.99,1.152,1
277,278,Asia,109,7.09,7.16,0.32,0.34,0.84,1.369,100,8.03,7.73,0.32,0.33,0.99,1.127,1
278,279,Asia,96,7.77,8.05,0.3,0.33,0.98,1,99,7.19,7.73,0.29,0.35,0.88,0.903,1
279,280,Asia,110,7.09,7.15,0.32,0.34,0.84,1.391,101,8,7.72,0.32,0.33,0.99,1.104,1
280,281,Asia,111,7.09,7.14,0.32,0.33,0.84,1.413,93,7.45,7.87,0.32,0.35,0.91,0.897,1
281,282,Asia,112,7.09,7.14,0.32,0.33,0.84,1.434,94,7.45,7.86,0.32,0.35,0.91,0.88,1
282,283,Asia,90,7.8,7.76,0.31,0.28,0.97,1.647,87,7.32,7.91,0.29,0.34,0.95,0.933,1
283,284,Asia,113,7.09,7.15,0.32,0.33,0.84,1.456,95,7.44,7.86,0.31,0.35,0.91,0.862,1
284,285,Asia,91,7.78,7.73,0.31,0.28,0.96,1.676,88,7.3,7.88,0.29,0.34,0.95,0.913,1
285,286,Asia,92,7.79,7.71,0.31,0.27,0.96,1.705,89,7.28,7.9,0.29,0.34,0.94,0.893,1
286,287,Oceania,98,7.63,7.65,0.33,0.3,0.93,1.279,102,7.98,7.72,0.32,0.33,0.98,1.081,1
287,288,Oceania,93,7.8,7.72,0.31,0.27,0.97,1.735,103,7.98,7.73,0.32,0.33,0.98,1.06,0
288,289,Oceania,94,7.81,7.74,0.31,0.27,0.97,1.685,104,7.99,7.75,0.32,0.33,0.98,1.08,1
289,290,Asia,90,7.28,7.92,0.29,0.34,0.95,0.875,58,6.89,8.24,0.26,0.39,0.85,0.234,1
290,291,Asia,91,7.31,7.9,0.29,0.34,0.95,0.895,59,6.88,8.27,0.26,0.39,0.85,0.229,0
291,292,Asia,92,7.32,7.93,0.29,0.34,0.95,0.877,60,6.93,8.28,0.27,0.39,0.86,0.25,1
292,293,Oceania,100,7.19,7.75,0.29,0.35,0.88,0.886,96,7.44,7.86,0.31,0.36,0.91,0.846,0
293,294,Africa,114,7.1,7.14,0.32,0.33,0.84,1.478,99,7.64,7.65,0.33,0.3,0.93,1.302,0
294,295,Africa,115,7.12,7.17,0.32,0.33,0.85,1.446,100,7.65,7.67,0.33,0.3,0.94,1.325,0
295,296,Oceania,95,7.82,7.74,0.31,0.27,0.97,1.714,97,7.45,7.87,0.32,0.36,0.91,0.865,0
296,297,Africa,116,7.13,7.18,0.32,0.33,0.85,1.416,101,7.66,7.69,0.33,0.3,0.94,1.348,1
297,298,Oceania,96,7.81,7.77,0.31,0.28,0.97,1.666,98,7.48,7.86,0.32,0.36,0.91,0.884,1
298,299,Oceania,97,7.81,7.77,0.31,0.28,0.97,1.694,99,7.48,7.87,0.32,0.36,0.91,0.867,0
299,300,Asia,98,7.83,7.8,0.31,0.28,0.97,1.648,105,7.98,7.76,0.32,0.33,0.98,1.058,0
300,301,Asia,99,7.81,7.79,0.31,0.28,0.97,1.605,106,7.97,7.74,0.32,0.33,0.98,1.078,0
301,302,America,97,7.78,8.04,0.3,0.33,0.98,1.02,93,7.35,7.93,0.29,0.34,0.96,0.897,1
302,303,America,98,7.78,8.04,0.3,0.33,0.98,1.041,94,7.35,7.93,0.29,0.34,0.96,0.88,1
303,304,America,99,7.79,8.02,0.31,0.33,0.98,1.062,95,7.32,7.94,0.29,0.34,0.95,0.862,1
304,305,Africa,102,7.66,7.69,0.33,0.3,0.94,1.318,101,7.2,7.76,0.29,0.35,0.88,0.87,1
305,306,Africa,103,7.67,7.7,0.34,0.3,0.94,1.34,102,7.21,7.77,0.29,0.36,0.89,0.854,1
306,307,Europe,117,7.14,7.18,0.32,0.33,0.85,1.437,100,7.78,8,0.31,0.33,0.98,1.083,0
307,308,America,100,7.82,7.81,0.3,0.28,0.97,1.564,96,7.31,7.93,0.29,0.35,0.95,0.846,1
308,309,America,101,7.8,7.78,0.31,0.28,0.97,1.589,97,7.28,7.91,0.29,0.35,0.95,0.83,1
309,310,America,102,7.8,7.76,0.31,0.28,0.97,1.615,98,7.26,7.92,0.29,0.35,0.94,0.814,1
310,311,Asia,100,7.51,7.89,0.32,0.35,0.92,0.886,103,7.21,7.79,0.29,0.36,0.89,0.839,1
311,312,Asia,101,7.51,7.9,0.31,0.35,0.91,0.905,104,7.22,7.8,0.29,0.36,0.89,0.824,1
312,313,Asia,102,7.52,7.9,0.32,0.35,0.91,0.924,105,7.22,7.8,0.29,0.36,0.89,0.81,0
313,314,Asia,103,7.8,7.76,0.31,0.27,0.96,1.641,104,7.69,7.7,0.34,0.3,0.94,1.363,1
314,315,Asia,104,7.8,7.75,0.31,0.27,0.96,1.666,105,7.68,7.7,0.34,0.3,0.94,1.333,0
315,316,Asia,118,7.15,7.2,0.32,0.33,0.85,1.408,106,7.21,7.79,0.29,0.36,0.88,0.827,0
316,317,Asia,119,7.14,7.2,0.32,0.34,0.85,1.38,107,7.21,7.76,0.29,0.36,0.88,0.844,0
317,318,Asia,120,7.14,7.22,0.31,0.34,0.85,1.352,108,7.22,7.76,0.29,0.36,0.88,0.862,0
318,319,Oceania,107,7.98,7.76,0.32,0.33,0.98,1.098,109,7.22,7.75,0.29,0.36,0.88,0.879,1
319,320,Oceania,108,8.01,7.73,0.32,0.33,0.99,1.117,110,7.19,7.79,0.29,0.36,0.88,0.864,1
320,321,Oceania,101,7.79,8,0.31,0.33,0.98,1.104,103,7.5,7.88,0.32,0.35,0.91,0.907,1
321,322,Oceania,109,8.02,7.71,0.32,0.33,0.99,1.137,111,7.18,7.8,0.29,0.36,0.88,0.85,1
322,323,Oceania,102,7.8,8,0.31,0.33,0.99,1.125,104,7.5,7.88,0.31,0.35,0.91,0.89,0
323,324,Asia,105,7.78,7.76,0.3,0.28,0.96,1.625,63,6.93,8.27,0.27,0.39,0.85,0.26,0
324,325,Oceania,103,7.8,8,0.31,0.33,0.99,1.102,105,7.51,7.88,0.32,0.35,0.91,0.909,0
325,326,Oceania,121,7.13,7.22,0.31,0.34,0.85,1.326,110,8.01,7.7,0.32,0.33,0.99,1.156,0
326,327,Asia,106,7.77,7.76,0.3,0.28,0.96,1.585,64,6.94,8.25,0.27,0.39,0.85,0.28,1
327,328,Oceania,104,7.8,8.01,0.31,0.33,0.99,1.08,106,7.52,7.88,0.32,0.35,0.91,0.927,1
328,329,Oceania,122,7.13,7.23,0.31,0.34,0.85,1.301,111,8.01,7.7,0.32,0.32,0.99,1.176,0
329,330,Asia,107,7.79,7.75,0.3,0.27,0.96,1.609,65,6.94,8.27,0.27,0.39,0.85,0.274,1
330,331,Asia,108,7.8,7.75,0.3,0.27,0.96,1.634,102,7.23,7.89,0.29,0.35,0.93,0.789,1
331,332,Asia,109,7.81,7.77,0.3,0.27,0.97,1.658,103,7.26,7.92,0.29,0.35,0.94,0.775,0
332,333,Asia,110,7.81,7.79,0.3,0.27,0.97,1.619,104,7.27,7.92,0.29,0.34,0.94,0.793,1
333,334,Asia,111,7.85,7.79,0.3,0.27,0.97,1.642,112,7.18,7.8,0.29,0.36,0.87,0.836,1
334,335,Asia,112,7.85,7.79,0.3,0.27,0.97,1.666,113,7.17,7.8,0.29,0.36,0.87,0.822,1
335,336,Oceania,113,7.87,7.78,0.3,0.27,0.97,1.69,107,7.53,7.92,0.31,0.36,0.91,0.91,1
336,337,Asia,123,7.12,7.24,0.31,0.34,0.85,1.277,66,6.95,8.28,0.27,0.39,0.85,0.269,1
337,338,Asia,124,7.12,7.23,0.31,0.34,0.85,1.296,67,6.94,8.26,0.27,0.39,0.85,0.264,1
338,339,Oceania,114,7.88,7.81,0.3,0.27,0.98,1.714,108,7.55,7.95,0.31,0.36,0.92,0.894,1
339,340,Oceania,115,7.88,7.79,0.3,0.27,0.97,1.738,109,7.54,7.95,0.31,0.35,0.91,0.879,1
340,341,Africa,106,7.68,7.69,0.34,0.29,0.94,1.355,105,7.84,8.02,0.31,0.33,0.99,1.1,1
341,342,Africa,107,7.69,7.7,0.34,0.3,0.94,1.377,106,7.84,8.03,0.31,0.33,1,1.078,0
342,343,Africa,108,7.71,7.72,0.34,0.3,0.95,1.347,107,7.86,8.05,0.31,0.33,1,1.098,0
343,344,Africa,109,7.74,7.76,0.34,0.3,0.95,1.319,112,8.01,7.68,0.32,0.32,0.99,1.196,0
344,345,Africa,110,7.72,7.78,0.34,0.3,0.95,1.291,113,8.03,7.67,0.32,0.32,0.99,1.215,1
345,346,Africa,111,7.72,7.77,0.34,0.3,0.95,1.312,114,8.01,7.67,0.32,0.32,0.99,1.192,0
346,347,Asia,114,7.18,7.82,0.29,0.36,0.87,0.809,105,7.28,7.96,0.29,0.34,0.94,0.779,0
347,348,Asia,115,7.18,7.84,0.29,0.36,0.87,0.796,106,7.3,7.96,0.29,0.34,0.95,0.796,0
348,349,Europe,125,7.12,7.23,0.31,0.33,0.85,1.314,108,7.9,8.08,0.31,0.33,1.01,1.117,0
349,350,Europe,126,7.14,7.25,0.31,0.33,0.85,1.29,109,7.92,8.09,0.31,0.33,1.01,1.137,1
350,351,Europe,115,8.02,7.66,0.33,0.32,0.99,1.211,110,7.93,8.1,0.31,0.33,1.01,1.115,0
351,352,Europe,116,8.02,7.66,0.33,0.32,0.99,1.188,111,7.92,8.1,0.31,0.33,1.01,1.134,0
352,353,Europe,117,8.01,7.66,0.32,0.32,0.99,1.166,112,7.92,8.1,0.31,0.33,1.01,1.153,1
353,354,Oceania,110,7.54,7.95,0.31,0.36,0.92,0.864,107,7.32,7.96,0.29,0.34,0.95,0.813,1
354,355,Africa,112,7.71,7.79,0.33,0.3,0.94,1.285,113,7.91,8.09,0.31,0.33,1.01,1.132,0
355,356,Oceania,111,7.56,7.97,0.31,0.35,0.92,0.881,108,7.33,7.99,0.29,0.34,0.95,0.8,1
356,357,Africa,113,7.71,7.8,0.33,0.3,0.94,1.26,114,7.92,8.1,0.31,0.33,1.01,1.15,0
357,358,Africa,114,7.71,7.8,0.33,0.3,0.94,1.235,115,7.91,8.09,0.31,0.33,1.01,1.169,0
358,359,Oceania,116,7.88,7.79,0.3,0.27,0.97,1.761,118,8.01,7.66,0.32,0.32,0.98,1.185,1
359,360,Oceania,117,7.88,7.79,0.31,0.27,0.97,1.785,119,8,7.66,0.32,0.32,0.98,1.163,1
360,361,Oceania,118,7.89,7.81,0.3,0.27,0.97,1.809,120,8.01,7.68,0.32,0.32,0.98,1.142,0
361,362,Oceania,127,7.15,7.27,0.31,0.33,0.85,1.309,112,7.59,7.97,0.31,0.35,0.93,0.898,0
362,363,Oceania,128,7.15,7.27,0.31,0.33,0.85,1.285,113,7.6,7.97,0.31,0.35,0.93,0.915,0
363,364,Oceania,129,7.16,7.28,0.31,0.33,0.85,1.263,114,7.6,7.97,0.31,0.35,0.93,0.932,1
364,365,Asia,130,7.17,7.29,0.31,0.33,0.86,1.28,115,7.72,7.82,0.33,0.3,0.94,1.211,1
365,366,Asia,131,7.18,7.3,0.31,0.33,0.86,1.298,116,7.73,7.83,0.33,0.3,0.95,1.188,0
366,367,Asia,132,7.18,7.31,0.31,0.33,0.86,1.275,117,7.73,7.82,0.33,0.3,0.95,1.207,1
367,368,Oceania,121,8.02,7.69,0.32,0.32,0.98,1.16,115,7.61,7.98,0.31,0.35,0.93,0.916,0
368,369,Oceania,122,8.01,7.7,0.32,0.32,0.98,1.14,116,7.62,7.97,0.32,0.35,0.93,0.933,0
369,370,Oceania,123,8.03,7.73,0.32,0.32,0.99,1.12,117,7.65,8,0.32,0.35,0.94,0.95,1
370,371,America,109,7.34,8.02,0.29,0.34,0.95,0.786,116,7.18,7.85,0.29,0.36,0.87,0.784,1
371,372,Oceania,124,8.04,7.73,0.32,0.32,0.99,1.137,118,7.65,8.02,0.32,0.35,0.94,0.934,1
372,373,America,110,7.35,8.01,0.29,0.34,0.95,0.803,117,7.17,7.86,0.29,0.36,0.87,0.772,0
373,374,Oceania,125,8.04,7.71,0.33,0.32,0.99,1.155,119,7.63,8.02,0.32,0.35,0.94,0.919,0
374,375,America,111,7.34,8.01,0.29,0.35,0.95,0.79,118,7.17,7.85,0.29,0.36,0.87,0.787,1
375,376,Asia,119,7.9,7.82,0.3,0.27,0.97,1.767,116,7.93,8.11,0.3,0.32,1.02,1.188,0
376,377,Asia,120,7.88,7.82,0.3,0.27,0.97,1.727,117,7.93,8.09,0.3,0.32,1.02,1.207,1
377,378,Asia,121,7.89,7.82,0.3,0.27,0.97,1.75,118,7.93,8.1,0.3,0.32,1.01,1.185,0
378,379,Asia,122,7.88,7.82,0.3,0.27,0.97,1.711,119,7.93,8.09,0.3,0.32,1.01,1.203,1
379,380,Asia,123,7.89,7.83,0.3,0.27,0.98,1.733,120,7.94,8.1,0.3,0.32,1.02,1.181,1
380,381,Oceania,120,7.64,8.01,0.32,0.35,0.94,0.935,68,6.93,8.26,0.27,0.38,0.85,0.259,1
381,382,Oceania,121,7.67,8,0.32,0.35,0.94,0.951,69,6.93,8.29,0.26,0.38,0.85,0.254,1
382,383,Oceania,122,7.68,8.01,0.32,0.35,0.95,0.967,70,6.95,8.31,0.26,0.38,0.86,0.25,1
383,384,Africa,133,7.19,7.32,0.31,0.33,0.86,1.293,118,7.73,7.83,0.33,0.3,0.95,1.185,1
384,385,Africa,134,7.2,7.33,0.31,0.33,0.87,1.31,119,7.75,7.84,0.33,0.3,0.95,1.163,0
385,386,Africa,135,7.2,7.35,0.31,0.33,0.86,1.288,120,7.76,7.83,0.33,0.3,0.96,1.181,1
386,387,Africa,136,7.23,7.37,0.31,0.33,0.87,1.305,121,7.78,7.86,0.33,0.3,0.96,1.16,1
387,388,Europe,121,7.94,8.13,0.3,0.32,1.02,1.16,119,7.17,7.84,0.29,0.36,0.87,0.776,1
388,389,Europe,122,7.94,8.11,0.3,0.32,1.02,1.178,120,7.16,7.84,0.29,0.36,0.86,0.764,1
389,390,Europe,123,7.92,8.09,0.3,0.32,1.01,1.196,121,7.14,7.83,0.29,0.36,0.86,0.753,1
390,391,Africa,122,7.77,7.86,0.33,0.3,0.96,1.14,112,7.33,7.99,0.29,0.35,0.95,0.806,0
391,392,Africa,123,7.77,7.88,0.33,0.3,0.96,1.12,113,7.35,7.99,0.29,0.34,0.96,0.822,1
392,393,Africa,124,7.77,7.87,0.33,0.3,0.96,1.137,114,7.35,7.99,0.29,0.34,0.95,0.809,1
393,394,Africa,125,7.76,7.87,0.33,0.3,0.95,1.155,115,7.35,7.99,0.29,0.34,0.95,0.796,0
394,395,Africa,126,7.75,7.88,0.33,0.3,0.95,1.135,116,7.36,7.98,0.29,0.34,0.96,0.812,1
395,396,America,126,8.03,7.72,0.33,0.32,0.99,1.135,117,7.35,7.98,0.29,0.35,0.95,0.8,0
396,397,America,127,8.02,7.72,0.32,0.32,0.99,1.116,118,7.34,7.98,0.29,0.35,0.95,0.815,0
397,398,America,128,8.01,7.73,0.32,0.33,0.98,1.098,119,7.36,7.97,0.29,0.34,0.95,0.83,0
398,399,America,129,8,7.74,0.32,0.33,0.98,1.08,120,7.37,7.96,0.29,0.34,0.96,0.846,1
399,400,Europe,137,7.22,7.37,0.31,0.33,0.87,1.322,124,7.93,8.06,0.3,0.32,1.01,1.214,1
400,401,America,130,8,7.76,0.32,0.33,0.98,1.096,121,7.38,7.97,0.29,0.34,0.96,0.833,0
401,402,Europe,138,7.25,7.39,0.31,0.33,0.87,1.338,125,7.94,8.09,0.3,0.32,1.02,1.192,0
402,403,Europe,139,7.25,7.41,0.31,0.33,0.87,1.316,126,7.96,8.08,0.31,0.32,1.02,1.21,0
403,404,Asia,124,7.92,7.84,0.3,0.27,0.98,1.755,122,7.11,7.83,0.29,0.36,0.85,0.742,1
404,405,Asia,125,7.92,7.83,0.3,0.27,0.98,1.777,123,7.11,7.84,0.29,0.36,0.85,0.732,0
405,406,Asia,126,7.9,7.82,0.3,0.27,0.97,1.739,124,7.1,7.83,0.29,0.36,0.85,0.746,0
406,407,America,140,7.25,7.41,0.31,0.33,0.87,1.295,122,7.4,7.98,0.29,0.34,0.96,0.848,1
407,408,Asia,131,8.01,7.77,0.32,0.33,0.98,1.079,71,6.95,8.35,0.27,0.39,0.86,0.245,0
408,409,Asia,132,7.98,7.76,0.32,0.33,0.98,1.062,72,6.94,8.31,0.27,0.39,0.85,0.263,0
409,410,Asia,133,7.97,7.75,0.32,0.33,0.98,1.046,73,6.93,8.28,0.27,0.39,0.85,0.28,0
410,411,Asia,134,7.95,7.74,0.32,0.33,0.97,1.03,74,6.92,8.24,0.27,0.39,0.85,0.298,1
411,412,Asia,135,7.93,7.72,0.32,0.33,0.97,1.045,75,6.89,8.2,0.27,0.39,0.84,0.293,0
412,413,Asia,123,7.71,8.01,0.32,0.35,0.95,0.983,76,6.87,8.17,0.27,0.39,0.83,0.31,0
413,414,Asia,124,7.67,7.98,0.32,0.35,0.95,0.968,77,6.84,8.11,0.28,0.39,0.83,0.327,0
414,415,Asia,125,7.66,7.97,0.32,0.35,0.94,0.953,78,6.84,8.09,0.28,0.39,0.83,0.344,1
415,416,Asia,126,7.65,7.94,0.32,0.35,0.94,0.968,79,6.8,8.07,0.28,0.39,0.82,0.338,0
416,417,Asia,127,7.63,7.91,0.32,0.35,0.94,0.953,80,6.77,8.02,0.28,0.39,0.82,0.355,1
417,418,Asia,127,7.75,7.87,0.33,0.3,0.95,1.152,125,7.09,7.79,0.29,0.36,0.85,0.76,1
418,419,Asia,128,7.76,7.86,0.33,0.3,0.95,1.169,126,7.08,7.8,0.29,0.36,0.85,0.75,1
419,420,Asia,129,7.75,7.84,0.33,0.3,0.95,1.186,127,7.07,7.79,0.29,0.36,0.84,0.739,1
420,421,Asia,130,7.75,7.83,0.33,0.3,0.95,1.203,136,7.91,7.71,0.32,0.33,0.97,1.029,0
421,422,Asia,127,7.95,8.08,0.3,0.32,1.02,1.228,123,7.39,7.98,0.29,0.34,0.96,0.835,1
422,423,Asia,128,7.06,7.8,0.28,0.36,0.84,0.729,81,6.77,8.02,0.28,0.39,0.81,0.35,1
423,424,Asia,127,7.87,7.81,0.3,0.27,0.97,1.702,141,7.25,7.41,0.31,0.33,0.87,1.311,0
424,425,Asia,131,7.73,7.81,0.33,0.3,0.94,1.183,124,7.37,7.98,0.29,0.34,0.96,0.823,1
425,426,Asia,142,7.26,7.41,0.31,0.33,0.87,1.327,128,7.63,7.9,0.32,0.35,0.94,0.969,1
426,427,Asia,128,7.95,8.05,0.31,0.32,1.02,1.245,82,6.78,8.04,0.28,0.38,0.82,0.344,1
427,428,Asia,137,7.89,7.69,0.33,0.33,0.96,1.044,129,7.07,7.8,0.28,0.36,0.84,0.743,1
428,429,Asia,125,7.37,7.98,0.29,0.34,0.96,0.811,83,6.77,8.04,0.28,0.38,0.81,0.338,1
429,430,Asia,132,7.73,7.81,0.33,0.3,0.94,1.2,130,7.07,7.81,0.28,0.36,0.84,0.733,1
430,431,Asia,129,7.95,8.04,0.31,0.32,1.02,1.263,138,7.9,7.69,0.32,0.33,0.97,1.059,1
431,432,Asia,128,7.86,7.81,0.3,0.27,0.97,1.666,129,7.62,7.9,0.32,0.35,0.94,0.954,0
432,433,Asia,130,7.96,8.02,0.31,0.32,1.02,1.28,131,7.07,7.8,0.28,0.36,0.84,0.723,1
433,434,Asia,133,7.73,7.8,0.33,0.3,0.94,1.216,84,6.77,8.02,0.28,0.38,0.81,0.333,1
434,435,Asia,139,7.88,7.7,0.32,0.33,0.96,1.044,85,6.74,8.01,0.28,0.38,0.81,0.328,1
435,436,Asia,126,7.36,7.97,0.29,0.34,0.96,0.826,132,7.07,7.81,0.28,0.36,0.84,0.714,0
436,437,Asia,140,7.89,7.68,0.33,0.33,0.97,1.058,127,7.36,7.98,0.29,0.35,0.96,0.814,1
437,438,Asia,131,7.96,8.01,0.31,0.32,1.02,1.298,134,7.71,7.78,0.33,0.3,0.94,1.233,0
438,439,Asia,132,7.96,8.02,0.31,0.32,1.02,1.275,131,7.61,7.86,0.32,0.35,0.94,0.984,0
439,440,Asia,144,7.26,7.4,0.31,0.33,0.87,1.36,141,7.9,7.68,0.33,0.33,0.97,1.073,0
440,441,Asia,142,7.91,7.69,0.33,0.33,0.97,1.088,132,7.61,7.86,0.32,0.35,0.94,1,1
441,442,Asia,130,7.86,7.81,0.3,0.27,0.97,1.653,133,7.62,7.87,0.32,0.34,0.94,0.985,1
442,443,Asia,145,7.26,7.41,0.31,0.33,0.87,1.338,86,6.72,8.02,0.28,0.39,0.8,0.323,1
443,444,Asia,131,7.86,7.81,0.3,0.27,0.97,1.673,134,7.62,7.87,0.32,0.34,0.94,0.97,1
444,445,Asia,146,7.26,7.4,0.31,0.33,0.87,1.354,87,6.71,8.01,0.28,0.39,0.8,0.318,1
445,446,Asia,132,7.86,7.81,0.3,0.27,0.97,1.693,135,7.62,7.88,0.32,0.34,0.94,0.956,1
446,447,Asia,147,7.25,7.39,0.31,0.33,0.87,1.37,88,6.69,7.98,0.28,0.39,0.8,0.313,1
447,448,Asia,148,7.24,7.38,0.31,0.33,0.87,1.387,128,7.36,7.99,0.29,0.35,0.96,0.802,1
448,449,Asia,149,7.26,7.38,0.31,0.33,0.87,1.403,129,7.36,8,0.29,0.35,0.96,0.791,1
449,450,Asia,150,7.26,7.38,0.31,0.33,0.87,1.419,130,7.36,8.01,0.29,0.35,0.96,0.78,1
450,451,America,133,7.96,8.03,0.31,0.32,1.02,1.254,131,7.38,8.03,0.29,0.35,0.96,0.77,0
451,452,America,134,7.94,8.01,0.31,0.32,1.02,1.233,132,7.37,8.01,0.29,0.34,0.96,0.783,1
452,453,America,135,7.94,8.01,0.31,0.32,1.02,1.25,133,7.37,8.01,0.29,0.34,0.96,0.773,0
453,454,America,136,7.95,8.04,0.31,0.32,1.02,1.229,134,7.4,8.03,0.29,0.34,0.96,0.786,1
454,455,America,137,7.96,8.03,0.31,0.32,1.02,1.245,135,7.4,8.04,0.29,0.34,0.96,0.776,0
455,456,Oceania,143,7.91,7.69,0.32,0.33,0.97,1.102,133,7.08,7.81,0.28,0.36,0.84,0.727,1
456,457,Oceania,144,7.9,7.68,0.33,0.33,0.97,1.117,134,7.07,7.81,0.28,0.36,0.84,0.717,1
457,458,Asia,133,7.87,7.8,0.3,0.27,0.97,1.714,136,7.41,8.04,0.29,0.34,0.96,0.789,1
458,459,Oceania,145,7.9,7.67,0.32,0.33,0.97,1.132,135,7.06,7.8,0.28,0.36,0.84,0.708,1
459,460,Asia,134,7.87,7.8,0.3,0.27,0.97,1.734,137,7.4,8.04,0.29,0.34,0.96,0.779,1
460,461,Oceania,146,7.9,7.66,0.32,0.33,0.96,1.147,136,7.06,7.8,0.28,0.36,0.84,0.7,0
461,462,Asia,135,7.87,7.8,0.3,0.27,0.97,1.755,138,7.41,8.05,0.29,0.34,0.96,0.769,1
462,463,Asia,136,7.88,7.81,0.3,0.27,0.97,1.775,137,7.06,7.8,0.28,0.36,0.84,0.712,1
463,464,Asia,137,7.89,7.8,0.3,0.27,0.97,1.795,138,7.06,7.82,0.28,0.36,0.84,0.703,1
464,465,Asia,138,7.91,7.81,0.3,0.27,0.98,1.816,139,7.07,7.84,0.28,0.36,0.84,0.695,1
465,466,Asia,151,7.28,7.4,0.31,0.32,0.88,1.435,147,7.89,7.66,0.32,0.33,0.96,1.13,0
466,467,Asia,148,7.89,7.67,0.32,0.33,0.96,1.144,140,7.06,7.84,0.28,0.36,0.84,0.686,1
467,468,Asia,149,7.9,7.66,0.32,0.32,0.97,1.159,141,7.06,7.85,0.28,0.36,0.84,0.678,1
468,469,Asia,139,7.91,7.8,0.3,0.27,0.98,1.836,135,7.73,7.78,0.33,0.3,0.94,1.25,0
469,470,Asia,150,7.89,7.65,0.33,0.32,0.96,1.173,142,7.05,7.85,0.28,0.36,0.84,0.67,0
470,471,Asia,140,7.92,7.82,0.3,0.27,0.98,1.8,136,7.75,7.8,0.33,0.3,0.94,1.266,0
471,472,Asia,141,7.92,7.82,0.3,0.27,0.98,1.764,137,7.75,7.8,0.33,0.3,0.95,1.283,1
472,473,Asia,142,7.92,7.81,0.3,0.27,0.98,1.784,138,7.74,7.81,0.33,0.3,0.94,1.262,1
473,474,America,139,7.41,8.06,0.29,0.34,0.96,0.759,91,6.66,7.92,0.28,0.39,0.79,0.318,1
474,475,Europe,143,7.92,7.79,0.3,0.27,0.99,1.803,138,7.96,8.04,0.3,0.32,1.02,1.225,1
475,476,America,140,7.43,8.05,0.29,0.34,0.97,0.772,92,6.67,7.94,0.28,0.39,0.79,0.314,1
476,477,Europe,144,7.94,7.79,0.3,0.27,0.99,1.823,139,7.95,8.05,0.3,0.33,1.02,1.206,1
477,478,Europe,145,7.94,7.78,0.31,0.27,0.99,1.843,140,7.94,8.06,0.31,0.33,1.02,1.187,0
478,479,Europe,139,7.72,7.81,0.33,0.3,0.94,1.241,141,7.96,8.07,0.31,0.33,1.02,1.203,0
479,480,Europe,140,7.73,7.84,0.33,0.3,0.95,1.222,142,7.98,8.08,0.31,0.33,1.02,1.218,1
480,481,America,146,7.95,7.8,0.31,0.27,0.99,1.807,141,7.43,8.05,0.29,0.34,0.97,0.784,1
481,482,Europe,141,7.75,7.85,0.33,0.3,0.95,1.238,143,7.98,8.1,0.31,0.33,1.03,1.2,1
482,483,America,147,7.95,7.79,0.31,0.27,0.99,1.826,142,7.42,8.06,0.29,0.34,0.96,0.775,0
483,484,America,148,7.94,7.79,0.31,0.27,0.99,1.792,143,7.42,8.05,0.29,0.34,0.96,0.787,1
484,485,America,149,7.94,7.79,0.3,0.27,0.99,1.811,144,7.42,8.06,0.29,0.34,0.97,0.777,1
485,486,America,150,7.95,7.78,0.31,0.27,0.99,1.83,145,7.41,8.07,0.29,0.34,0.97,0.768,1
486,487,America,136,7.61,7.89,0.32,0.35,0.94,0.942,146,7.41,8.07,0.29,0.34,0.96,0.759,1
487,488,America,137,7.62,7.89,0.32,0.34,0.94,0.957,147,7.41,8.08,0.29,0.34,0.97,0.75,1
488,489,America,138,7.64,7.88,0.32,0.34,0.94,0.971,148,7.4,8.1,0.29,0.34,0.96,0.741,0
489,490,Asia,151,7.95,7.77,0.31,0.27,0.99,1.849,152,7.29,7.41,0.31,0.33,0.88,1.412,1
490,491,Asia,144,7.04,7.86,0.28,0.36,0.84,0.674,94,6.67,7.94,0.28,0.38,0.79,0.305,1
491,492,Asia,152,7.95,7.77,0.31,0.27,0.99,1.867,153,7.29,7.41,0.31,0.33,0.88,1.39,0
492,493,Asia,153,7.95,7.78,0.31,0.27,0.99,1.833,146,7.07,7.87,0.28,0.36,0.84,0.697,0
493,494,Asia,155,7.29,7.41,0.31,0.33,0.88,1.421,147,7.08,7.88,0.28,0.36,0.84,0.709,0
494,495,Asia,156,7.28,7.41,0.31,0.33,0.88,1.4,148,7.08,7.87,0.28,0.36,0.84,0.72,0
495,496,Asia,155,7.97,7.77,0.31,0.27,1,1.818,151,7.9,7.66,0.33,0.32,0.97,1.157,0
496,497,Asia,157,7.27,7.41,0.31,0.33,0.87,1.378,144,7.97,8.1,0.31,0.33,1.02,1.181,0
497,498,Asia,158,7.28,7.42,0.31,0.33,0.87,1.358,145,7.97,8.1,0.31,0.33,1.02,1.196,1
498,499,Asia,156,7.98,7.79,0.31,0.27,1,1.785,152,7.92,7.67,0.33,0.32,0.97,1.171,1
499,500,Asia,159,7.29,7.43,0.31,0.33,0.88,1.373,146,7.98,8.12,0.3,0.33,1.02,1.179,0
500,501,Asia,157,7.99,7.8,0.31,0.27,1,1.803,153,7.92,7.69,0.33,0.32,0.97,1.154,1
501,502,Asia,160,7.29,7.46,0.31,0.33,0.88,1.352,147,8,8.12,0.3,0.33,1.03,1.194,1
502,503,Asia,158,8,7.81,0.31,0.27,1,1.821,142,7.76,7.83,0.33,0.3,0.95,1.253,1
503,504,Asia,161,7.3,7.46,0.31,0.33,0.87,1.367,148,8,8.12,0.3,0.33,1.03,1.176,1
504,505,Asia,162,7.3,7.46,0.31,0.33,0.87,1.382,149,7.99,8.11,0.3,0.33,1.03,1.159,0
505,506,Asia,159,7.99,7.79,0.31,0.27,1,1.839,143,7.74,7.83,0.33,0.3,0.95,1.234,1
506,507,Asia,163,7.3,7.48,0.31,0.33,0.87,1.362,150,8.01,8.11,0.3,0.33,1.03,1.173,0
507,508,Asia,160,8.01,7.81,0.31,0.27,1.01,1.857,144,7.76,7.86,0.33,0.3,0.95,1.215,0
508,509,Oceania,154,7.93,7.7,0.32,0.32,0.98,1.138,149,7.4,8.09,0.29,0.34,0.96,0.752,1
509,510,Oceania,164,7.3,7.49,0.31,0.33,0.87,1.342,95,6.7,7.96,0.28,0.38,0.79,0.301,1
510,511,Oceania,155,7.93,7.69,0.33,0.32,0.97,1.152,150,7.39,8.09,0.29,0.34,0.96,0.744,1
511,512,Oceania,165,7.3,7.49,0.31,0.33,0.87,1.357,139,7.63,7.88,0.32,0.34,0.94,0.957,1
512,513,Oceania,140,7.63,7.88,0.32,0.34,0.94,0.944,96,6.7,7.96,0.28,0.38,0.79,0.297,1
513,514,Oceania,151,8.02,8.1,0.3,0.33,1.04,1.188,156,7.93,7.69,0.33,0.32,0.98,1.166,1
514,515,Oceania,166,7.31,7.49,0.31,0.33,0.88,1.371,141,7.63,7.87,0.32,0.34,0.94,0.958,0
515,516,Oceania,142,7.63,7.86,0.32,0.34,0.93,0.972,97,6.7,7.96,0.28,0.38,0.79,0.293,1
516,517,Oceania,152,8.03,8.12,0.31,0.33,1.04,1.202,157,7.94,7.71,0.33,0.33,0.98,1.15,1
517,518,Oceania,167,7.3,7.49,0.31,0.33,0.87,1.352,98,6.7,7.99,0.27,0.38,0.79,0.289,1
518,519,Oceania,168,7.31,7.5,0.31,0.33,0.88,1.366,143,7.65,7.86,0.32,0.34,0.94,0.986,1
