,Winner,T1_TwitterVol,T2_TwitterVol,T1_FansSent,T2_FansSent,T1_FansPred,T2_FansPred
0,0,0.571428571,0.428571429,0.571428571,0.380952381,0,0
1,0,0.837837838,0.162162162,0.648648649,0.162162162,0,0
2,1,0.356687898,0.643312102,0.299363057,0.535031847,0.333333333,0.666666667
3,0,0.464285714,0.535714286,0.464285714,0.464285714,0,0
4,1,0.695652174,0.304347826,0.565217391,0.282608696,0,0
5,0,0.666666667,0.333333333,0.583333333,0.3125,0,0
6,0,0.55,0.45,0.45,0.3,0,0
7,0,0.724137931,0.275862069,0.655172414,0.24137931,0,0
8,0,0.446808511,0.553191489,0.306382979,0.387234043,1,0
9,1,0.72,0.28,0.72,0.2,0,0
10,0,0.6875,0.3125,0.625,0.25,0,0
11,0,0.5,0.5,0.5,0.5,0,0
12,0,0.840490798,0.159509202,0.73006135,0.147239264,0,0
13,1,0.75,0.25,0.640625,0.203125,0,0
14,1,0.0625,0.9375,0.046875,0.765625,0,1
15,0,0.066666667,0.933333333,0.066666667,0.777777778,0,0
16,1,0.764705882,0.235294118,0.647058824,0.117647059,0,0
17,1,0.651234568,0.348765432,0.546296296,0.277777778,0,1
18,0,0.601823708,0.398176292,0.468085106,0.310030395,0,1
19,0,0.452380952,0.547619048,0.428571429,0.476190476,0,0
20,1,0.41025641,0.58974359,0.384615385,0.512820513,0,0
21,1,0.519230769,0.480769231,0.442307692,0.384615385,1,0
22,1,0.910614525,0.089385475,0.810055866,0.072625698,1,0
23,0,0.897260274,0.102739726,0.794520548,0.089041096,1,0
24,0,0.903846154,0.096153846,0.801282051,0.08974359,1,0
25,1,0.279069767,0.720930233,0.279069767,0.697674419,0,0
26,1,0.302843016,0.697156984,0.177997528,0.564894932,0,1
27,0,0.583333333,0.416666667,0.5,0.361111111,0,0
28,1,0.375,0.625,0.335,0.585,0,1
29,0,0.211538462,0.788461538,0.192307692,0.519230769,0.25,0.75
30,1,0.75,0.25,0.666666667,0.2,1,0
31,0,0.705882353,0.294117647,0.676470588,0.294117647,0,0
32,1,0.415,0.585,0.38,0.465,0,0
33,0,0.291005291,0.708994709,0.238095238,0.523809524,0,0
34,0,0.0625,0.9375,0.055921053,0.733552632,0,1
35,1,0.194029851,0.805970149,0.194029851,0.731343284,0,0
36,0,0.883408072,0.116591928,0.757847534,0.098654709,1,0
37,0,0.85,0.15,0.707142857,0.142857143,1,0
38,0,0.29787234,0.70212766,0.287234043,0.563829787,0,1
39,1,0.666666667,0.333333333,0.647058824,0.294117647,0,0
40,1,0.325,0.675,0.3125,0.5625,0,0
41,1,0.661290323,0.338709677,0.596774194,0.338709677,0,0
42,1,0.904255319,0.095744681,0.781914894,0.074468085,1,0
43,0,0.140703518,0.859296482,0.125628141,0.733668342,0,1
44,1,0.972413793,0.027586207,0.793103448,0.027586207,1,0
45,0,0.516129032,0.483870968,0.516129032,0.419354839,0,0
46,0,0.204819277,0.795180723,0.192771084,0.686746988,0,0
47,1,0.152354571,0.847645429,0.141274238,0.698060942,0,1
48,1,0.571428571,0.428571429,0.542857143,0.428571429,0,0
49,1,0.685714286,0.314285714,0.571428571,0.257142857,0,0
50,0,0.721105528,0.278894472,0.653266332,0.228643216,1,0
51,0,0.487485779,0.512514221,0.316837315,0.494311718,0.611111111,0.388888889
52,0,0.409090909,0.590909091,0.318181818,0.5,0,0
53,0,0.201438849,0.798561151,0.172661871,0.623501199,0.222222222,0.777777778
54,0,0.351351351,0.648648649,0.268018018,0.515765766,0,1
55,0,0.813370474,0.186629526,0.690807799,0.164345404,1,0
56,0,0.538194444,0.461805556,0.496527778,0.434027778,0.333333333,0.666666667
57,0,0.50625,0.49375,0.428125,0.44375,0.666666667,0.333333333
58,1,0.192307692,0.807692308,0.115384615,0.769230769,0,1
59,0,0.057291667,0.942708333,0.052083333,0.747395833,0.5,0.5
60,1,0.925675676,0.074324324,0.878378378,0.060810811,1,0
61,0,0.979695431,0.020304569,0.903553299,0.015228426,1,0
62,0,0.802469136,0.197530864,0.703703704,0.172839506,0,0
63,1,0.384826325,0.615173675,0.316270567,0.531078611,0.421052632,0.578947368
64,1,0.860215054,0.139784946,0.720430108,0.107526882,0,0
65,0,0.412424504,0.587575496,0.309749784,0.515962036,0.4,0.6
66,0,0.825581395,0.174418605,0.73255814,0.151162791,1,0
67,1,0.237288136,0.762711864,0.186440678,0.491525424,0.5,0.5
68,1,0.358208955,0.641791045,0.328358209,0.626865672,0,0
69,0,0.571428571,0.428571429,0.5,0.357142857,1,0
70,0,0.488372093,0.511627907,0.348837209,0.465116279,0,0
71,1,0.705882353,0.294117647,0.705882353,0.294117647,1,0
72,0,0.352272727,0.647727273,0.340909091,0.602272727,0.5,0.5
73,1,0.425531915,0.574468085,0.29787234,0.404255319,0,0
74,0,0.53030303,0.46969697,0.484848485,0.46969697,1,0
75,1,0.662251656,0.337748344,0.556291391,0.271523179,1,0
76,1,0.86,0.14,0.733333333,0.086666667,1,0
77,1,0.566037736,0.433962264,0.490566038,0.433962264,0,0
78,1,0.789473684,0.210526316,0.789473684,0.184210526,0,0
79,0,0.647058824,0.352941176,0.549019608,0.176470588,0,0
80,0,0.321428571,0.678571429,0.25,0.553571429,0,0
81,1,0.170731707,0.829268293,0.170731707,0.682926829,0,0
82,1,0.679012346,0.320987654,0.679012346,0.259259259,0,1
83,1,0.666666667,0.333333333,0.541666667,0.291666667,0,0
84,1,0.217391304,0.782608696,0.180124224,0.540372671,0,1
85,1,0.321428571,0.678571429,0.273809524,0.476190476,0,1
86,1,0.407692308,0.592307692,0.384615385,0.407692308,0,1
87,1,0.4,0.6,0.266666667,0.4,0,0
88,0,0.662337662,0.337662338,0.662337662,0.272727273,0,1
89,0,0.13559322,0.86440678,0.110169492,0.771186441,0,1
90,0,0.693069307,0.306930693,0.554455446,0.277227723,1,0
91,0,0.24,0.76,0.2,0.76,0,0
92,0,0.090909091,0.909090909,0.03030303,0.818181818,0,0
93,0,0.111111111,0.888888889,0.092592593,0.722222222,0,1
94,0,0.054263566,0.945736434,0.03875969,0.813953488,0,1
95,1,0.681818182,0.318181818,0.666666667,0.212121212,0,0
96,1,0.666666667,0.333333333,0.333333333,0.305555556,0,0
97,1,0.526315789,0.473684211,0.315789474,0.368421053,0,0
98,0,0.428571429,0.571428571,0.428571429,0.535714286,0,0
99,0,0.483870968,0.516129032,0.387096774,0.483870968,0,0
100,0,0.422222222,0.577777778,0.377777778,0.511111111,0,0
101,1,0.37037037,0.62962963,0.259259259,0.62962963,0,1
102,0,0.518518519,0.481481481,0.5,0.425925926,0.5,0.5
103,0,0.549391069,0.450608931,0.772214705,0.371222373,0.542372881,0.457627119
104,0,0.595041322,0.404958678,0.561983471,0.371900826,0,0
105,0,0.166666667,0.833333333,0.094202899,0.826086957,0,0
106,1,0.73015873,0.26984127,0.646825397,0.242063492,0.857142857,0.142857143
107,1,0.759689922,0.240310078,0.713178295,0.217054264,1,0
108,1,0.664122137,0.335877863,0.572519084,0.320610687,0.666666667,0.333333333
109,1,0.304347826,0.695652174,0.260869565,0.47826087,0,1
110,0,0.612903226,0.387096774,0.580645161,0.306451613,0.5,0.5
111,0,0.782608696,0.217391304,0.623188406,0.15942029,0.5,0.5
112,1,0.698630137,0.301369863,0.684931507,0.219178082,0,1
113,1,0.852631579,0.147368421,0.736842105,0.147368421,0,0
114,1,0.798913043,0.201086957,0.706521739,0.14673913,0.777777778,0.222222222
115,1,0.521367521,0.478632479,0.423076923,0.367521368,0.333333333,0.666666667
116,1,0.480362538,0.519637462,0.404833837,0.46223565,0.666666667,0.333333333
117,1,0.701960784,0.298039216,0.541176471,0.266666667,1,0
118,0,0.716755319,0.283244681,0.41356383,0.259308511,1,0
119,1,0.662753469,0.337246531,0.534685165,0.298826041,0.666666667,0.333333333
120,0,0.235800344,0.764199656,0.198795181,0.623063683,0.107142857,0.892857143
121,1,0.48337156,0.51662844,0.44896789,0.492545872,0.026666667,0.973333333
122,1,0.231092437,0.768907563,0.205882353,0.714285714,0,0
123,0,0.643410853,0.356589147,0.596899225,0.341085271,1,0
124,1,0.106382979,0.893617021,0.085106383,0.787234043,0,1
125,0,0.498498498,0.501501502,0.438438438,0.435435435,0.285714286,0.714285714
126,0,0.806758184,0.193241816,0.68532207,0.16156283,0.8,0.2
127,1,0.235993209,0.764006791,0.224108659,0.651952462,0.25,0.75
128,0,0.239910314,0.760089686,0.235426009,0.6367713,1,0
129,0,0.25257732,0.74742268,0.226804124,0.677835052,0,1
130,1,0.825174825,0.174825175,0.72027972,0.148601399,1,0
131,0,0.477220957,0.522779043,0.440774487,0.470387244,1,0
132,0,0.77027027,0.22972973,0.67027027,0.210810811,1,0
133,0,0.7890625,0.2109375,0.69140625,0.171875,0,0
134,1,0.802941176,0.197058824,0.708823529,0.176470588,1,0
135,0,0.481223922,0.518776078,0.382475661,0.429763561,0.5,0.5
136,1,0.61971831,0.38028169,0.509389671,0.340375587,0.333333333,0.666666667
137,1,0.649082569,0.350917431,0.603211009,0.337155963,1,0
138,1,0.573770492,0.426229508,0.573770492,0.355191257,0,1
139,0,0.396092362,0.603907638,0.34991119,0.557726465,0,1
140,0,0.305405405,0.694594595,0.235135135,0.637837838,0,1
141,1,0.710769231,0.289230769,0.673846154,0.227692308,1,0
142,0,0.638888889,0.361111111,0.555555556,0.263888889,1,0
143,0,0.259259259,0.740740741,0.222222222,0.668981481,0,0
144,1,0.196610169,0.803389831,0.190960452,0.723163842,0,1
145,1,0.128919861,0.871080139,0.120789779,0.807200929,0,1
146,1,0.590909091,0.409090909,0.590909091,0.227272727,0,0
147,0,0.606060606,0.393939394,0.484848485,0.242424242,0,0
148,0,0.74691358,0.25308642,0.475308642,0.209876543,0,1
149,0,0.74137931,0.25862069,0.336206897,0.25862069,0.5,0.5
150,0,0.119047619,0.880952381,0.10952381,0.833333333,1,0
151,0,0.177777778,0.822222222,0.133333333,0.755555556,0,0
152,1,0.601952278,0.398047722,0.567245119,0.361171367,1,0
153,0,0.587105624,0.412894376,0.534979424,0.368998628,1,0
154,0,0.492592593,0.507407407,0.45,0.453703704,1,0
155,1,0.743506494,0.256493506,0.659090909,0.151515152,0.666666667,0.333333333
156,1,0.723382046,0.276617954,0.637787056,0.249478079,0.9,0.1
157,1,0.696551724,0.303448276,0.686206897,0.186206897,0.916666667,0.083333333
158,0,0.456171735,0.543828265,0.409660107,0.481216458,0.5,0.5
159,0,0.080536913,0.919463087,0.075167785,0.693959732,0,1
160,1,0.914421553,0.085578447,0.808240887,0.074484945,1,0
161,1,0.827956989,0.172043011,0.750537634,0.156989247,1,0
162,1,0.690140845,0.309859155,0.690140845,0.183098592,0,1
163,1,0.719264279,0.280735721,0.599225557,0.246853824,0.8,0.2
164,1,0.611464968,0.388535032,0.478105096,0.302547771,0.704035874,0.295964126
165,0,0.17888563,0.82111437,0.140762463,0.744868035,1,0
166,1,0.725146199,0.274853801,0.652046784,0.184210526,0.830188679,0.169811321
167,0,0.363216266,0.636783734,0.314232902,0.554528651,0.659090909,0.340909091
168,0,0.16507177,0.83492823,0.133971292,0.631578947,0,1
169,1,0.734417344,0.265582656,0.693766938,0.243902439,0.5,0.5
170,0,0.492957746,0.507042254,0.464788732,0.408450704,0,0
171,1,0.766926303,0.233073697,0.547633313,0.141402037,0.772151899,0.227848101
172,0,0.789317507,0.210682493,0.715133531,0.15727003,0,0
173,0,0.814516129,0.185483871,0.291271347,0.169829222,0.931623932,0.068376068
174,1,0.690737834,0.309262166,0.57299843,0.277080063,0.830508475,0.169491525
175,0,0.747508306,0.252491694,0.681063123,0.237541528,0.5,0.5
176,0,0.6825054,0.3174946,0.642548596,0.289416847,0.6,0.4
177,0,0.604316547,0.395683453,0.578622816,0.367934224,0.875,0.125
178,1,0.655437921,0.344562079,0.643166506,0.326275265,0.790243902,0.209756098
179,0,0.711911357,0.288088643,0.620498615,0.271468144,0.714285714,0.285714286
180,1,0.622461171,0.377538829,0.517323775,0.259259259,0.785714286,0.214285714
181,0,0.754562618,0.245437382,0.616110761,0.213341724,0.811320755,0.188679245
182,1,0.79676512,0.20323488,0.701828411,0.165963432,0.693877551,0.306122449
183,1,0.459016393,0.540983607,0.371009491,0.43313201,0.111111111,0.888888889
184,0,0.681972789,0.318027211,0.605442177,0.31122449,0.6,0.4
185,1,0.364341085,0.635658915,0.348837209,0.542635659,0.5,0.5
186,0,0.400352734,0.599647266,0.356261023,0.562610229,0.230769231,0.769230769
187,1,0.730585424,0.269414576,0.715651135,0.198924731,0.885714286,0.114285714
188,1,0.697860963,0.302139037,0.582887701,0.254010695,0.75,0.25
189,1,0.557503506,0.442496494,0.426367461,0.379382889,0.466666667,0.533333333
190,0,0.805743243,0.194256757,0.550675676,0.167792793,0.696202532,0.303797468
191,0,0.268160742,0.731839258,0.189335394,0.686244204,0.533333333,0.466666667
192,1,0.64021164,0.35978836,0.44973545,0.28042328,0,1
193,0,0.842253521,0.157746479,0.623943662,0.107042254,0.666666667,0.333333333
194,1,0.532352941,0.467647059,0.402941176,0.361764706,1,0
195,0,0.311377246,0.688622754,0.241516966,0.614770459,0.4,0.6
196,1,0.581538462,0.418461538,0.483076923,0.313846154,0.666666667,0.333333333
197,0,0.309385863,0.690614137,0.244495944,0.586326767,0.166666667,0.833333333
198,1,0.708394698,0.291605302,0.65095729,0.237113402,0.8,0.2
199,1,0.740909091,0.259090909,0.668181818,0.21969697,0.9,0.1
200,1,0.660130719,0.339869281,0.60130719,0.287581699,0,0
201,1,0.740540541,0.259459459,0.627027027,0.221621622,0,0
202,1,0.761589404,0.238410596,0.655629139,0.198675497,1,0
203,1,0.810126582,0.189873418,0.751054852,0.156118143,0,0
204,0,0.825688073,0.174311927,0.766055046,0.137614679,0,0
205,0,0.575,0.425,0.5375,0.3,0,1
206,0,0.900271985,0.099728015,0.804170444,0.092475068,1,0
207,1,0.870656371,0.129343629,0.86003861,0.116795367,0.75,0.25
208,1,0.8980322,0.1019678,0.864937388,0.08765653,1,0
209,1,0.20735786,0.79264214,0.183946488,0.712374582,0,0
210,0,0.783783784,0.216216216,0.679054054,0.199324324,1,0
211,0,0.834757835,0.165242165,0.635327635,0.150997151,1,0
212,1,0.815625,0.184375,0.61875,0.11875,1,0
213,1,0.630769231,0.369230769,0.607692308,0.346153846,1,0
214,1,0.58974359,0.41025641,0.575757576,0.331002331,0.875,0.125
215,0,0.375321337,0.624678663,0.331619537,0.568123393,0.8,0.2
216,1,0.501133787,0.498866213,0.446712018,0.455782313,0.6,0.4
217,1,0.727272727,0.272727273,0.670995671,0.238095238,0,0
218,0,0.462068966,0.537931034,0.386206897,0.434482759,0.333333333,0.666666667
219,0,0.212903226,0.787096774,0.193548387,0.664516129,0,0
220,1,0.502538071,0.497461929,0.423857868,0.432741117,1,0
221,0,0.505529226,0.494470774,0.458135861,0.44549763,1,0
222,0,0.595744681,0.404255319,0.558790594,0.374020157,1,0
223,1,0.640194489,0.359805511,0.59643436,0.296596434,0.375,0.625
224,0,0.625,0.375,0.3125,0.375,0,1
225,1,0.714995035,0.285004965,0.652432969,0.188679245,1,0
226,0,0.664414414,0.335585586,0.529279279,0.226351351,0.777777778,0.222222222
227,1,0.742173112,0.257826888,0.664825046,0.186003683,1,0
228,1,0.349206349,0.650793651,0.301587302,0.53968254,0,0
229,1,0.73054755,0.26945245,0.701729107,0.204610951,1,0
230,1,0.804347826,0.195652174,0.739130435,0.179347826,0,0
231,1,0.805513017,0.194486983,0.762633997,0.15007657,1,0
232,1,0.829403606,0.170596394,0.675450763,0.138696255,0.8,0.2
233,0,0.873873874,0.126126126,0.673101673,0.111969112,1,0
234,1,0.731942215,0.268057785,0.531300161,0.227929374,0.333333333,0.666666667
235,1,0.667322835,0.332677165,0.520669291,0.294291339,0.818181818,0.181818182
236,1,0.854092527,0.145907473,0.804270463,0.115065243,0.923076923,0.076923077
237,1,0.761768902,0.238231098,0.650499287,0.175463623,1,0
238,0,0.276470588,0.723529412,0.170588235,0.582352941,0,0
239,0,0.116129032,0.883870968,0.109677419,0.793548387,0,0
240,0,0.455882353,0.544117647,0.415441176,0.459558824,0,0
241,1,0.484210526,0.515789474,0.442105263,0.421052632,0.5,0.5
242,1,0.507751938,0.492248062,0.492248062,0.46124031,0,0
243,1,0.775510204,0.224489796,0.587755102,0.2,1,0
244,1,0.639344262,0.360655738,0.56284153,0.306010929,0,1
245,1,0.611940299,0.388059701,0.552238806,0.313432836,0,0
246,0,0.276497696,0.723502304,0.267281106,0.631336406,0,0
247,1,0.444444444,0.555555556,0.294444444,0.35,0,0
248,1,0.682713348,0.317286652,0.41356674,0.27571116,0,0
249,1,0.417431193,0.582568807,0.408256881,0.399082569,1,0
250,1,0.497409326,0.502590674,0.347150259,0.29015544,1,0
251,1,0.806954436,0.193045564,0.76498801,0.158273381,0.882352941,0.117647059
252,1,0.639484979,0.360515021,0.572961373,0.309012876,1,0
253,0,0.775510204,0.224489796,0.727405248,0.209912536,0.777777778,0.222222222
254,1,0.744186047,0.255813953,0.707848837,0.226744186,0.75,0.25
255,0,0.805825243,0.194174757,0.626213592,0.174757282,0.5,0.5
256,1,0.737201365,0.262798635,0.687713311,0.216723549,1,0
257,0,0.457142857,0.542857143,0.371428571,0.435714286,0,0
258,1,0.8475,0.1525,0.76125,0.11,0.857142857,0.142857143
259,1,0.804444444,0.195555556,0.780740741,0.148148148,0.666666667,0.333333333
260,0,0.418118467,0.581881533,0.351916376,0.554006969,0.25,0.75
261,1,0.699369937,0.300630063,0.676867687,0.277227723,0.708333333,0.291666667
262,1,0.850993377,0.149006623,0.746688742,0.144039735,1,0
263,1,0.829268293,0.170731707,0.691637631,0.155052265,0.857142857,0.142857143
264,1,0.844748858,0.155251142,0.759512938,0.118721461,1,0
265,0,0.30075188,0.69924812,0.251879699,0.612781955,0,0
266,0,0.456647399,0.543352601,0.407514451,0.436416185,1,0
267,1,0.817229336,0.182770664,0.785797439,0.150174622,1,0
268,1,0.532608696,0.467391304,0.434782609,0.342391304,0,0
269,0,0.829964328,0.170035672,0.668252081,0.133174792,1,0
270,1,0.374358974,0.625641026,0.317948718,0.533333333,1,0
271,1,0.815442561,0.184557439,0.777777778,0.145009416,1,0
272,1,0.452229299,0.547770701,0.350318471,0.477707006,1,0
273,0,0.442477876,0.557522124,0.415929204,0.473451327,1,0
274,0,0.434599156,0.565400844,0.383966245,0.46835443,0.5,0.5
275,0,0.203045685,0.796954315,0.192893401,0.736040609,0,0
276,1,0.69241573,0.30758427,0.547752809,0.252808989,1,0
277,1,0.716738197,0.283261803,0.622317597,0.231759657,0.875,0.125
278,1,0.607296137,0.392703863,0.519313305,0.330472103,1,0
279,1,0.690856313,0.309143687,0.563134978,0.256894049,0.666666667,0.333333333
280,1,0.534146341,0.465853659,0.434146341,0.358536585,0.857142857,0.142857143
281,1,0.603947368,0.396052632,0.523684211,0.305263158,1,0
282,1,0.862796834,0.137203166,0.833773087,0.114775726,1,0
283,1,0.57312253,0.42687747,0.498023715,0.363636364,1,0
284,1,0.876404494,0.123595506,0.807740325,0.09113608,0.75,0.25
285,1,0.888604353,0.111395647,0.833546735,0.069142125,1,0
286,1,0.37962963,0.62037037,0.333333333,0.5,0,1
287,0,0.832976445,0.167023555,0.74732334,0.13490364,0.833333333,0.166666667
288,1,0.816568047,0.183431953,0.74112426,0.137573964,1,0
289,1,0.528846154,0.471153846,0.451923077,0.346153846,1,0
290,0,0.47761194,0.52238806,0.358208955,0.402985075,0,0
291,1,0.266666667,0.733333333,0.222222222,0.6,0,1
292,0,0.4,0.6,0.288235294,0.552941176,0,1
293,0,0.642679901,0.357320099,0.521091811,0.312655087,0.666666667,0.333333333
294,0,0.617128463,0.382871537,0.506297229,0.355163728,0.333333333,0.666666667
295,0,0.811009174,0.188990826,0.605504587,0.157798165,0.75,0.25
296,1,0.62745098,0.37254902,0.833333333,0.299019608,1,0
297,1,0.736,0.264,0.488,0.216,1,0
298,0,0.695522388,0.304477612,0.56119403,0.235820896,0.666666667,0.333333333
299,0,0.764199656,0.235800344,0.679862306,0.17555938,0.75,0.25
300,0,0.763071895,0.236928105,0.609477124,0.222222222,0.5,0.5
301,1,0.747126437,0.252873563,0.655172414,0.195402299,1,0
302,1,0.752941176,0.247058824,0.694117647,0.105882353,1,0
303,1,0.78125,0.21875,0.703125,0.125,0,0
304,1,0.611650485,0.388349515,0.54368932,0.310679612,0,0
305,1,0.554455446,0.445544554,0.485148515,0.267326733,1,0
306,0,0.433333333,0.566666667,0.405555556,0.472222222,0,0
307,1,0.86,0.14,0.794285714,0.104285714,0.75,0.25
308,1,0.87388724,0.12611276,0.790801187,0.097922849,1,0
309,1,0.877146631,0.122853369,0.830911493,0.071334214,0.8,0.2
310,1,0.281690141,0.718309859,0.253521127,0.690140845,0,0
311,1,0.460869565,0.539130435,0.382608696,0.443478261,0,0
312,0,0.5,0.5,0.192307692,0.307692308,0,0
313,1,0.793572311,0.206427689,0.752781211,0.190358467,0.857142857,0.142857143
314,0,0.826034063,0.173965937,0.755474453,0.156934307,0.714285714,0.285714286
315,0,0.736641221,0.263358779,0.599236641,0.22519084,0,0
316,0,0.647321429,0.352678571,0.450892857,0.290178571,1,0
317,0,0.666666667,0.333333333,0.497942387,0.300411523,0,1
318,1,0.802238806,0.197761194,0.503731343,0.134328358,0,0
319,1,0.837121212,0.162878788,0.477272727,0.079545455,0,0
320,1,0.622596154,0.377403846,0.548076923,0.329326923,1,0
321,1,0.832142857,0.167857143,0.517857143,0.117857143,1,0
322,0,0.478571429,0.521428571,0.454761905,0.471428571,0.75,0.25
323,0,0.811460259,0.188539741,0.76155268,0.144177449,0.666666667,0.333333333
324,0,0.48960739,0.51039261,0.41108545,0.464203233,0,1
325,0,0.393728223,0.606271777,0.341463415,0.468641115,0,0
326,1,0.820840951,0.179159049,0.771480804,0.126142596,0.833333333,0.166666667
327,1,0.501199041,0.498800959,0.460431655,0.45323741,0.5,0.5
328,0,0.384751773,0.615248227,0.343971631,0.519503546,0.5,0.5
329,1,0.817204301,0.182795699,0.761648746,0.114695341,0.8,0.2
330,1,0.861744966,0.138255034,0.804026846,0.099328859,1,0
331,0,0.877957659,0.122042341,0.844333748,0.077210461,0.857142857,0.142857143
332,1,0.889602054,0.110397946,0.854942234,0.065468549,1,0
333,1,0.807825086,0.192174914,0.762945915,0.15995397,0.818181818,0.181818182
334,1,0.840042373,0.159957627,0.81779661,0.104872881,0.909090909,0.090909091
335,1,0.804878049,0.195121951,0.745827985,0.129653402,0.857142857,0.142857143
336,1,0.787844037,0.212155963,0.674311927,0.190366972,0.8,0.2
337,1,0.797727273,0.202272727,0.7125,0.139772727,0.857142857,0.142857143
338,1,0.763493621,0.236506379,0.729146222,0.178606477,0.823529412,0.176470588
339,1,0.791359326,0.208640674,0.735511064,0.144362487,0.923076923,0.076923077
340,1,0.295503212,0.704496788,0.244111349,0.535331906,0,1
341,0,0.380952381,0.619047619,0.285714286,0.486772487,0.5,0.5
342,0,0.395631068,0.604368932,0.247572816,0.512135922,0,1
343,0,0.49132948,0.50867052,0.413294798,0.410404624,1,0
344,1,0.505882353,0.494117647,0.447058824,0.402941176,1,0
345,0,0.495327103,0.504672897,0.408099688,0.417445483,1,0
346,0,0.81042654,0.18957346,0.644549763,0.180094787,0,0
347,0,0.633962264,0.366037736,0.464150943,0.324528302,0,1
348,0,0.301675978,0.698324022,0.251396648,0.474860335,0,0
349,1,0.384146341,0.615853659,0.298780488,0.5,0,0
350,0,0.557093426,0.442906574,0.425605536,0.356401384,0.333333333,0.666666667
351,0,0.487972509,0.512027491,0.381443299,0.439862543,0.5,0.5
352,1,0.494584838,0.505415162,0.415162455,0.40433213,0.666666667,0.333333333
353,1,0.535087719,0.464912281,0.421052632,0.236842105,0,0
354,0,0.494382022,0.505617978,0.348314607,0.359550562,0,1
355,1,0.605769231,0.394230769,0.394230769,0.211538462,1,0
356,0,0.341772152,0.658227848,0.278481013,0.518987342,0,1
357,0,0.338983051,0.661016949,0.254237288,0.610169492,0,0
358,1,0.742130751,0.257869249,0.692493947,0.219128329,0.666666667,0.333333333
359,1,0.729828851,0.270171149,0.69804401,0.215158924,0.833333333,0.166666667
360,0,0.753424658,0.246575342,0.706102117,0.212951432,1,0
361,0,0.69047619,0.30952381,0.428571429,0.285714286,0,0
362,0,0.482014388,0.517985612,0.309352518,0.402877698,0,1
363,1,0.503355705,0.496644295,0.348993289,0.33557047,0.5,0.5
364,1,0.86728972,0.13271028,0.770093458,0.11588785,1,0
365,0,0.831439394,0.168560606,0.776515152,0.126893939,0.75,0.25
366,1,0.8187251,0.1812749,0.794820717,0.143426295,1,0
367,0,0.535626536,0.464373464,0.368550369,0.388206388,1,0
368,0,0.479487179,0.520512821,0.394871795,0.456410256,0,1
369,1,0.503937008,0.496062992,0.422572178,0.43832021,0.5,0.5
370,1,0.510638298,0.489361702,0.361702128,0.319148936,0,0
371,1,0.55,0.45,0.463157895,0.410526316,1,0
372,0,0.403846154,0.596153846,0.269230769,0.423076923,0,0
373,0,0.556728232,0.443271768,0.503957784,0.377308707,1,0
374,1,0.365853659,0.634146341,0.243902439,0.463414634,0,0
375,0,0.752699784,0.247300216,0.731101512,0.195464363,1,0
376,1,0.744751381,0.255248619,0.710497238,0.217679558,0.8,0.2
377,0,0.720930233,0.279069767,0.696566999,0.266888151,0.666666667,0.333333333
378,1,0.706451613,0.293548387,0.62688172,0.265591398,0.5,0.5
379,1,0.723243243,0.276756757,0.673513514,0.245405405,0.75,0.25
380,1,0.76,0.24,0.615,0.18,0,0
381,1,0.762790698,0.237209302,0.68372093,0.148837209,1,0
382,1,0.776649746,0.223350254,0.675126904,0.157360406,0,0
383,1,0.877777778,0.122222222,0.755555556,0.1,0,0
384,0,0.75462963,0.24537037,0.652777778,0.101851852,1,0
385,1,0.760204082,0.239795918,0.658163265,0.12244898,1,0
386,1,0.714953271,0.285046729,0.635514019,0.177570093,0,0
387,1,0.754285714,0.245714286,0.568571429,0.204285714,1,0
388,1,0.776183644,0.223816356,0.578192253,0.163558106,1,0
389,1,0.770893372,0.229106628,0.678674352,0.177233429,0.666666667,0.333333333
390,0,0.260869565,0.739130435,0.248447205,0.627329193,0,1
391,1,0.44,0.56,0.36,0.348571429,0.5,0.5
392,1,0.50625,0.49375,0.49375,0.3875,0,0
393,0,0.493670886,0.506329114,0.436708861,0.449367089,0,0
394,1,0.541436464,0.458563536,0.392265193,0.370165746,1,0
395,0,0.402203857,0.597796143,0.300275482,0.512396694,0.666666667,0.333333333
396,0,0.415343915,0.584656085,0.293650794,0.515873016,0.333333333,0.666666667
397,0,0.472584856,0.527415144,0.331592689,0.475195822,0,1
398,1,0.454545455,0.545454545,0.277922078,0.449350649,0.5,0.5
399,1,0.390756303,0.609243697,0.226890756,0.445378151,0,1
400,0,0.400977995,0.599022005,0.300733496,0.540342298,0.5,0.5
401,0,0.38,0.62,0.324444444,0.491111111,0,1
402,0,0.428571429,0.571428571,0.344671202,0.496598639,0.5,0.5
403,1,0.783405172,0.216594828,0.737068966,0.179956897,0.857142857,0.142857143
404,0,0.803960396,0.196039604,0.763366337,0.169306931,0.818181818,0.181818182
405,0,0.783120707,0.216879293,0.750736016,0.208047105,0.727272727,0.272727273
406,1,0.46875,0.53125,0.341796875,0.2890625,1,0
407,0,0.446280992,0.553719008,0.26446281,0.421487603,0,1
408,0,0.429577465,0.570422535,0.316901408,0.478873239,0.5,0.5
409,0,0.370689655,0.629310345,0.181034483,0.448275862,0,0
410,1,0.405172414,0.594827586,0.275862069,0.405172414,0,1
411,0,0.380952381,0.619047619,0.166666667,0.523809524,0,1
412,0,0.424242424,0.575757576,0.227272727,0.406060606,0.333333333,0.666666667
413,0,0.375816993,0.624183007,0.264705882,0.467320261,0,1
414,1,0.411371237,0.588628763,0.337792642,0.444816054,0.5,0.5
415,0,0.396721311,0.603278689,0.321311475,0.48852459,0.333333333,0.666666667
416,1,0.405498282,0.594501718,0.254295533,0.419243986,0,1
417,1,0.354700855,0.645299145,0.205128205,0.414529915,0,0
418,1,0.440909091,0.559090909,0.286363636,0.445454545,0.5,0.5
419,1,0.529644269,0.470355731,0.442687747,0.339920949,1,0
420,0,0.268623025,0.731376975,0.250564334,0.638826185,0,1
421,1,0.659025788,0.340974212,0.585959885,0.302292264,0.333333333,0.666666667
422,1,0.518934081,0.481065919,0.454417952,0.412342216,0.2,0.8
423,0,0.59283237,0.40716763,0.536878613,0.33132948,0.75,0.25
424,1,0.372434018,0.627565982,0.307917889,0.519061584,0,0
425,1,0.739823009,0.260176991,0.587020649,0.2,0.714285714,0.285714286
426,1,0.561085973,0.438914027,0.529411765,0.401206637,0.75,0.25
427,1,0.520512821,0.479487179,0.424358974,0.430769231,0.666666667,0.333333333
428,1,0.681114551,0.318885449,0.535603715,0.232198142,0,1
429,1,0.53960396,0.46039604,0.485148515,0.356435644,0,1
430,1,0.556284153,0.443715847,0.46557377,0.387978142,0.571428571,0.428571429
431,0,0.772637795,0.227362205,0.714566929,0.18996063,0.857142857,0.142857143
432,1,0.511777302,0.488222698,0.450749465,0.433618844,0.666666667,0.333333333
433,1,0.497652582,0.502347418,0.408450704,0.38028169,0.5,0.5
434,1,0.760532151,0.239467849,0.614190687,0.188470067,0.666666667,0.333333333
435,0,0.518041237,0.481958763,0.734536082,0.391752577,0,0
436,1,0.489230769,0.510769231,0.38,0.389230769,0.727272727,0.272727273
437,0,0.751578947,0.248421053,0.494736842,0.227368421,0.75,0.25
438,0,0.554443054,0.445556946,0.521902378,0.403003755,0.571428571,0.428571429
439,0,0.614071038,0.385928962,0.345628415,0.357240437,0.65,0.35
440,1,0.671952428,0.328047572,0.617443013,0.313181368,0.705882353,0.294117647
441,1,0.729487179,0.270512821,0.688461538,0.232051282,0.714285714,0.285714286
442,1,0.707865169,0.292134831,0.617977528,0.157303371,1,0
443,1,0.843112245,0.156887755,0.732142857,0.110969388,1,0
444,1,0.704022989,0.295977011,0.606321839,0.204022989,1,0
445,1,0.700483092,0.299516908,0.648953301,0.259259259,0.666666667,0.333333333
446,1,0.650485437,0.349514563,0.57605178,0.294498382,0.8,0.2
447,1,0.685185185,0.314814815,0.62962963,0.237654321,0.5,0.5
448,1,0.684713376,0.315286624,0.630573248,0.207006369,1,0
449,1,0.74351585,0.25648415,0.674351585,0.175792507,1,0
450,0,0.626582278,0.373417722,0.483122363,0.324894515,1,0
451,1,0.600849257,0.399150743,0.511677282,0.341825902,0.75,0.25
452,0,0.668997669,0.331002331,0.58974359,0.296037296,0.666666667,0.333333333
453,1,0.581858407,0.418141593,0.524336283,0.362831858,0.5,0.5
454,0,0.568888889,0.431111111,0.531111111,0.382222222,1,0
455,1,0.718816068,0.281183932,0.575052854,0.243128964,0.8,0.2
456,1,0.657718121,0.342281879,0.5950783,0.286353468,0.666666667,0.333333333
457,1,0.805483029,0.194516971,0.745430809,0.133159269,0.666666667,0.333333333
458,1,0.622559653,0.377440347,0.579175705,0.292841649,0.6,0.4
459,1,0.786279683,0.213720317,0.745382586,0.172823219,0.8,0.2
460,0,0.661363636,0.338636364,0.584090909,0.277272727,0.666666667,0.333333333
461,1,0.781609195,0.218390805,0.74201788,0.163473819,0.714285714,0.285714286
462,1,0.762006403,0.237993597,0.717182497,0.186766275,0.8,0.2
463,1,0.763513514,0.236486486,0.690315315,0.175675676,1,0
464,1,0.773796193,0.226203807,0.139977604,0.171332587,0.8,0.2
465,0,0.60816777,0.39183223,0.513245033,0.312362031,0.666666667,0.333333333
466,1,0.547169811,0.452830189,0.49475891,0.368972746,1,0
467,1,0.508298755,0.491701245,0.454356846,0.425311203,0.666666667,0.333333333
468,0,0.749723145,0.250276855,0.667774086,0.170542636,0.875,0.125
469,0,0.569844789,0.430155211,0.492239468,0.383592018,0.5,0.5
470,0,0.740618102,0.259381898,0.690949227,0.241721854,0.714285714,0.285714286
471,1,0.721064815,0.278935185,0.65162037,0.261574074,0.571428571,0.428571429
472,1,0.732638889,0.267361111,0.6875,0.21875,0.714285714,0.285714286
473,1,0.658666667,0.341333333,0.485333333,0.250666667,1,0
474,1,0.774795799,0.225204201,0.736289382,0.199533256,0.8,0.2
475,1,0.511156187,0.488843813,0.484787018,0.464503043,0.4,0.6
476,1,0.673120729,0.326879271,0.641230068,0.257403189,0.666666667,0.333333333
477,0,0.684510251,0.315489749,0.651480638,0.256264237,0.75,0.25
478,0,0.270408163,0.729591837,0.255102041,0.56122449,0,1
479,1,0.283333333,0.716666667,0.177777778,0.644444444,0,1
480,1,0.851086957,0.148913043,0.752173913,0.114130435,0.8,0.2
481,1,0.363636364,0.636363636,0.255681818,0.460227273,0.5,0.5
482,0,0.846857143,0.153142857,0.778285714,0.116571429,0.6,0.4
483,1,0.86557377,0.13442623,0.816393443,0.108196721,0.833333333,0.166666667
484,1,0.871736663,0.128263337,0.807037457,0.081725312,0.8,0.2
485,1,0.857615894,0.142384106,0.804635762,0.111479029,0.714285714,0.285714286
486,1,0.711798839,0.288201161,0.497098646,0.230174081,0,0
487,1,0.674568966,0.325431034,0.618534483,0.245689655,0.666666667,0.333333333
488,0,0.669230769,0.330769231,0.582692308,0.242307692,0.6,0.4
489,1,0.531744519,0.468255481,0.402669209,0.341086749,0.678571429,0.321428571
490,1,0.677725118,0.322274882,0.600315956,0.233807267,1,0
491,0,0.546856697,0.453143303,0.451581414,0.331511128,0.714285714,0.285714286
492,0,0.75,0.25,0.675925926,0.192760943,0.416666667,0.583333333
493,0,0.434872502,0.565127498,0.374224673,0.49896623,0.714285714,0.285714286
494,0,0.449473684,0.550526316,0.285263158,0.514736842,0.409090909,0.590909091
495,0,0.818806355,0.181193645,0.57878918,0.142121082,0.739130435,0.260869565
496,0,0.754385965,0.245614035,0.494623656,0.220147142,0.636363636,0.363636364
497,1,0.722304284,0.277695716,0.599704579,0.14844904,0.615384615,0.384615385
498,1,0.766132525,0.233867475,0.429190126,0.196621914,0.722222222,0.277777778
499,0,0.689388071,0.310611929,0.544539117,0.293570875,0.6,0.4
500,1,0.763487738,0.236512262,0.524250681,0.191280654,0.75,0.25
501,1,0.564022486,0.435977514,0.549031855,0.361648969,0.571428571,0.428571429
502,1,0.796037821,0.203962179,0.629446195,0.174245835,0.846153846,0.153846154
503,1,0.596273292,0.403726708,0.519668737,0.373706004,0.625,0.375
504,0,0.594491928,0.405508072,0.539411206,0.32668566,0.75,0.25
505,1,0.765667575,0.234332425,0.725703906,0.151680291,0.75,0.25
506,0,0.68442623,0.31557377,0.577868852,0.244535519,0.666666667,0.333333333
507,0,0.795233892,0.204766108,0.736098853,0.157105031,0.75,0.25
508,1,0.559800664,0.440199336,0.473421927,0.317275748,1,0
509,1,0.793048973,0.206951027,0.753554502,0.116903633,0.571428571,0.428571429
510,1,0.570409982,0.429590018,0.515151515,0.319073084,0.666666667,0.333333333
511,1,0.747835498,0.252164502,0.696969697,0.180735931,0.636363636,0.363636364
512,1,0.691823899,0.308176101,0.52672956,0.243710692,0,1
513,1,0.505263158,0.494736842,0.315789474,0.305263158,1,0
514,0,0.604081633,0.395918367,0.504761905,0.34829932,0.5,0.5
515,1,0.634545455,0.365454545,0.525454545,0.303636364,0.5,0.5
516,1,0.611764706,0.388235294,0.482352941,0.258823529,0,0
517,1,0.749011858,0.250988142,0.634387352,0.175889328,0.666666667,0.333333333
518,1,0.654639175,0.345360825,0.572164948,0.286941581,0.6,0.4
